RGIId,GLIMSId,BgnDate,EndDate,CenLon,CenLat,O1Region,O2Region,Area,Zmin,Zmax,Zmed,Slope,Aspect,Lmax,Status,Connect,Form,TermType,Surging,Linkages,Name
RGI60-06.00001,G336215E64817N,20020928,20020928, -23.785200000,  64.817400000, 6, 1,         4.903,  630, 1419,  922, 15.0, 336,  3412, 0, 0, 0, 0, 0, 9,
RGI60-06.00002,G336231E64795N,20020928,20020928, -23.768600000,  64.795100000, 6, 1,         1.897,  769, 1415, 1152, 17.7, 139,  1823, 0, 0, 1, 0, 0, 9,
RGI60-06.00003,G336196E64798N,20020928,20020928, -23.804300000,  64.797900000, 6, 1,         0.751,  761, 1417, 1012, 22.8, 262,  1244, 0, 0, 0, 0, 0, 9,
RGI60-06.00004,G336179E64804N,20020928,-9999999, -23.821000000,  64.803600000, 6, 1,         0.067,  786,  911,  853, 17.8, 262,   334, 0, 0, 0, 0, 0, 9,
RGI60-06.00005,G336201E64805N,20020928,20020928, -23.799300000,  64.804600000, 6, 1,         0.978,  900, 1416, 1125, 16.1, 310,  1960, 0, 0, 0, 0, 0, 9,
RGI60-06.00006,G336247E64800N,20020928,20020928, -23.753000000,  64.800300000, 6, 1,         0.912,  817, 1420, 1087, 17.3, 114,  2009, 0, 0, 0, 0, 0, 9,
RGI60-06.00007,G336248E64812N,20020928,20020928, -23.752200000,  64.811600000, 6, 1,         2.712,  708, 1409, 1010, 15.7,  67,  2423, 0, 0, 0, 0, 0, 9,
RGI60-06.00008,G341458E65405N,20009999,-9999999, -18.542000000,  65.404500000, 6, 1,         2.166,  922, 1210, 1060, 13.6,  46,  1995, 0, 0, 0, 0, 0, 9,
RGI60-06.00009,G341697E65639N,20009999,-9999999, -18.303100000,  65.638800000, 6, 1,         0.448, 1240, 1423, 1336, 19.2,  87,   902, 0, 0, 0, 0, 0, 9,
RGI60-06.00010,G341706E65650N,20009999,-9999999, -18.293900000,  65.649500000, 6, 1,         1.000, 1000, 1397, 1123, 15.2,  22,  1503, 0, 0, 0, 0, 0, 9,
RGI60-06.00011,G341690E65656N,20009999,-9999999, -18.309700000,  65.656300000, 6, 1,         0.258, 1106, 1274, 1225, 25.5,  44,   406, 0, 0, 0, 0, 0, 9,
RGI60-06.00012,G341668E65641N,20009999,-9999999, -18.331900000,  65.641000000, 6, 1,         0.052, 1171, 1307, 1243, 20.6, 253,   215, 0, 0, 0, 0, 0, 9,
RGI60-06.00013,G341678E65644N,20009999,-9999999, -18.322500000,  65.643600000, 6, 1,         0.828, 1063, 1424, 1235, 16.3, 328,  1293, 0, 0, 0, 0, 0, 9,
RGI60-06.00014,G341029E65668N,20009999,-9999999, -18.970900000,  65.668300000, 6, 1,         0.771,  948, 1182, 1120, 17.2, 342,  1316, 0, 0, 0, 0, 0, 9,
RGI60-06.00015,G340996E65669N,20009999,-9999999, -19.003700000,  65.669400000, 6, 1,         0.469,  978, 1176, 1137, 19.3, 109,  1199, 0, 0, 0, 0, 0, 9,
RGI60-06.00016,G341686E65664N,20009999,-9999999, -18.314200000,  65.664400000, 6, 1,         0.077, 1077, 1189, 1160, 23.6,  63,   355, 0, 0, 0, 0, 0, 9,
RGI60-06.00017,G341080E65673N,20009999,-9999999, -18.919600000,  65.672500000, 6, 1,         3.279, 1052, 1326, 1091, 12.0, 284,  2959, 0, 0, 0, 0, 0, 9,
RGI60-06.00018,G341317E65680N,20009999,-9999999, -18.683300000,  65.679600000, 6, 1,         0.096, 1157, 1331, 1261, 37.7,  29,   305, 0, 0, 0, 0, 0, 9,
RGI60-06.00019,G341287E65685N,20009999,-9999999, -18.712900000,  65.684500000, 6, 1,         0.119, 1166, 1278, 1206, 27.1,  18,   325, 0, 0, 0, 0, 0, 9,
RGI60-06.00020,G341264E65696N,20009999,-9999999, -18.736100000,  65.695800000, 6, 1,         0.229, 1065, 1171, 1116, 19.4, 333,   564, 0, 0, 0, 0, 0, 9,
RGI60-06.00021,G341250E65697N,20009999,-9999999, -18.750100000,  65.696500000, 6, 1,         0.165, 1022, 1141, 1072, 18.0, 345,   491, 0, 0, 0, 0, 0, 9,
RGI60-06.00022,G341475E65450N,20009999,-9999999, -18.525300000,  65.450200000, 6, 1,         0.230, 1080, 1207, 1134, 21.8,  42,   413, 0, 0, 0, 0, 0, 9,
RGI60-06.00023,G341561E65826N,20009999,-9999999, -18.438600000,  65.825900000, 6, 1,         0.086,  814, 1086,  948, 21.9, 360,   379, 0, 0, 0, 0, 0, 9,
RGI60-06.00024,G341280E65699N,20009999,-9999999, -18.719700000,  65.699300000, 6, 1,         0.113, 1048, 1288, 1152, 23.1,  25,   486, 0, 0, 0, 0, 0, 9,
RGI60-06.00025,G341125E65684N,20009999,-9999999, -18.874800000,  65.683900000, 6, 1,         6.608,  942, 1378, 1153, 14.4,  14,  3133, 0, 0, 0, 0, 0, 9,
RGI60-06.00026,G341189E65689N,20009999,-9999999, -18.810700000,  65.688900000, 6, 1,         4.776,  767, 1291, 1125, 13.2, 325,  2826, 0, 0, 0, 0, 0, 9,
RGI60-06.00027,G341169E65654N,20009999,-9999999, -18.831100000,  65.654100000, 6, 1,         5.093,  996, 1380, 1177, 13.0,  63,  1788, 0, 0, 0, 0, 0, 9,
RGI60-06.00028,G341134E65654N,20009999,-9999999, -18.865800000,  65.653500000, 6, 1,         0.896,  961, 1322, 1208, 16.3, 298,  1014, 0, 0, 0, 0, 0, 9,
RGI60-06.00029,G341228E65643N,20009999,-9999999, -18.772500000,  65.642500000, 6, 1,         0.862, 1028, 1277, 1184, 11.8, 349,  1267, 0, 0, 0, 0, 0, 9,
RGI60-06.00030,G341217E65693N,20009999,-9999999, -18.783300000,  65.693000000, 6, 1,         0.062, 1180, 1281, 1199, 16.6,  11,   354, 0, 0, 0, 0, 0, 9,
RGI60-06.00031,G341223E65697N,20009999,-9999999, -18.777500000,  65.697200000, 6, 1,         0.364, 1032, 1176, 1118, 19.9,  48,   740, 0, 0, 0, 0, 0, 9,
RGI60-06.00032,G341212E65702N,20009999,-9999999, -18.787600000,  65.702100000, 6, 1,         0.146, 1088, 1213, 1144, 22.3,  74,   425, 0, 0, 0, 0, 0, 9,
RGI60-06.00033,G341259E65639N,20009999,-9999999, -18.741100000,  65.638500000, 6, 1,         0.277, 1062, 1275, 1159, 21.3, 150,   678, 0, 0, 0, 0, 0, 9,
RGI60-06.00034,G341230E65638N,20009999,-9999999, -18.769900000,  65.638200000, 6, 1,         0.279, 1087, 1280, 1213, 25.6, 179,   431, 0, 0, 0, 0, 0, 9,
RGI60-06.00035,G341200E65639N,20009999,-9999999, -18.799900000,  65.639200000, 6, 1,         0.167, 1091, 1256, 1235, 22.8, 176,   269, 0, 0, 0, 0, 0, 9,
RGI60-06.00036,G341082E65706N,20009999,-9999999, -18.918100000,  65.705500000, 6, 1,         1.167,  939, 1298, 1125, 12.2,  42,  1938, 0, 0, 0, 0, 0, 9,
RGI60-06.00037,G341001E65715N,20009999,-9999999, -18.998900000,  65.715400000, 6, 1,         0.128, 1001, 1199, 1085, 24.3, 334,   373, 0, 0, 0, 0, 0, 9,
RGI60-06.00038,G341300E65716N,20009999,-9999999, -18.699600000,  65.715600000, 6, 1,         0.101, 1010, 1082, 1037, 12.5, 325,   434, 0, 0, 0, 0, 0, 9,
RGI60-06.00039,G340978E65717N,20009999,-9999999, -19.022000000,  65.717400000, 6, 1,         0.822,  916, 1214, 1025, 17.4,  35,  1181, 0, 0, 0, 0, 0, 9,
RGI60-06.00040,G341010E65720N,20009999,-9999999, -18.990100000,  65.720400000, 6, 1,         0.164, 1051, 1215, 1148, 24.3,  41,   382, 0, 0, 0, 0, 0, 9,
RGI60-06.00041,G341036E65712N,20009999,-9999999, -18.964400000,  65.711900000, 6, 1,         4.714,  872, 1299, 1071, 11.1,   6,  3067, 0, 0, 0, 0, 0, 9,
RGI60-06.00042,G341370E65719N,20009999,-9999999, -18.629700000,  65.719100000, 6, 1,         0.110,  851, 1260, 1069, 25.1, 282,   371, 0, 0, 0, 0, 0, 9,
RGI60-06.00043,G341343E65712N,20009999,-9999999, -18.656700000,  65.711700000, 6, 1,         3.160,  672, 1272, 1019, 14.8,  17,  3121, 0, 0, 0, 0, 0, 9,
RGI60-06.00044,G341432E65717N,20009999,-9999999, -18.568000000,  65.717200000, 6, 1,         0.870, 1038, 1282, 1175, 15.9, 100,  1019, 0, 0, 0, 0, 0, 9,
RGI60-06.00045,G341394E65717N,20009999,-9999999, -18.606400000,  65.717400000, 6, 1,         0.150, 1063, 1198, 1122, 14.0, 154,   383, 0, 0, 0, 0, 0, 9,
RGI60-06.00046,G341402E65724N,20009999,-9999999, -18.598400000,  65.723900000, 6, 1,         0.929,  940, 1304, 1066, 16.5, 315,   989, 0, 0, 0, 0, 0, 9,
RGI60-06.00047,G341508E65828N,20009999,-9999999, -18.492000000,  65.827800000, 6, 1,         0.139, 1123, 1292, 1206, 30.0, 287,   318, 0, 0, 0, 0, 0, 9,
RGI60-06.00048,G341481E65827N,20009999,-9999999, -18.519500000,  65.827200000, 6, 1,         1.803,  696, 1168,  891, 15.0, 315,  2065, 0, 0, 0, 0, 0, 9,
RGI60-06.00049,G341521E65825N,20009999,-9999999, -18.479400000,  65.825400000, 6, 1,         0.558, 1096, 1295, 1190, 22.4,  66,  1026, 0, 0, 0, 0, 0, 9,
RGI60-06.00050,G341467E65470N,20009999,-9999999, -18.532800000,  65.470100000, 6, 1,         0.276, 1180, 1264, 1241, 15.5, 293,   562, 0, 0, 0, 0, 0, 9,
RGI60-06.00051,G341471E65725N,20009999,-9999999, -18.529400000,  65.724600000, 6, 1,         0.349,  964, 1286, 1079, 17.9,  59,   784, 0, 0, 0, 0, 0, 9,
RGI60-06.00052,G341447E65725N,20009999,-9999999, -18.553200000,  65.724600000, 6, 1,         0.579, 1080, 1267, 1186, 25.0, 347,   825, 0, 0, 0, 0, 0, 9,
RGI60-06.00053,G341334E65729N,20009999,-9999999, -18.666300000,  65.728900000, 6, 1,         0.199,  637, 1048,  857, 18.1,  91,   573, 0, 0, 0, 0, 0, 9,
RGI60-06.00054,G341236E65731N,20009999,-9999999, -18.764300000,  65.731000000, 6, 1,         0.143,  948, 1118, 1025, 30.6, 346,   408, 0, 0, 0, 0, 0, 9,
RGI60-06.00055,G341207E65731N,20009999,-9999999, -18.793100000,  65.731100000, 6, 1,         0.768,  958, 1180, 1047, 21.6,  14,   795, 0, 0, 0, 0, 0, 9,
RGI60-06.00056,G341187E65737N,20009999,-9999999, -18.812900000,  65.737200000, 6, 1,         0.158,  974, 1074, 1027, 24.0,  66,   492, 0, 0, 0, 0, 0, 9,
RGI60-06.00057,G341462E65733N,20009999,-9999999, -18.538400000,  65.733300000, 6, 1,         0.524,  940, 1258, 1128, 21.3, 295,   887, 0, 0, 0, 0, 0, 9,
RGI60-06.00058,G341160E65742N,20009999,-9999999, -18.839900000,  65.742300000, 6, 1,         0.642,  858, 1148,  992, 14.0, 322,  1264, 0, 0, 0, 0, 0, 9,
RGI60-06.00059,G341430E65740N,20009999,-9999999, -18.570400000,  65.740300000, 6, 1,         0.354,  876, 1153,  995, 21.0,  47,   828, 0, 0, 0, 0, 0, 9,
RGI60-06.00060,G341410E65746N,20009999,-9999999, -18.590200000,  65.745500000, 6, 1,         0.387,  986, 1348, 1130, 18.0,  45,  1125, 0, 0, 0, 0, 0, 9,
RGI60-06.00061,G341069E65850N,20009999,-9999999, -18.931400000,  65.850000000, 6, 1,         0.429,  784, 1104,  970, 20.5,   3,   588, 0, 0, 0, 0, 0, 9,
RGI60-06.00062,G341059E65848N,20009999,-9999999, -18.940900000,  65.847800000, 6, 1,         0.057,  976, 1104, 1074, 19.4, 198,   266, 0, 0, 0, 0, 0, 9,
RGI60-06.00063,G341486E65747N,20009999,-9999999, -18.514100000,  65.746800000, 6, 1,         0.359, 1001, 1206, 1094, 24.0,  48,   750, 0, 0, 0, 0, 0, 9,
RGI60-06.00064,G341497E65471N,20009999,-9999999, -18.502600000,  65.470500000, 6, 1,         0.766, 1099, 1296, 1241, 22.2, 106,  1271, 0, 0, 0, 0, 0, 9,
RGI60-06.00065,G341485E65755N,20009999,-9999999, -18.515100000,  65.754500000, 6, 1,         0.096, 1148, 1325, 1226, 24.8, 133,   356, 0, 0, 0, 0, 0, 9,
RGI60-06.00066,G341149E65760N,20009999,-9999999, -18.851200000,  65.759600000, 6, 1,         0.852,  880, 1151,  996, 19.4,  16,  1170, 0, 0, 0, 0, 0, 9,
RGI60-06.00067,G341497E65766N,20009999,-9999999, -18.503200000,  65.765600000, 6, 1,         2.275,  865, 1282, 1049, 10.5, 115,  3067, 0, 0, 0, 0, 0, 9,
RGI60-06.00068,G341281E65772N,20009999,-9999999, -18.719300000,  65.771600000, 6, 1,         0.318,  784, 1297, 1025, 15.1, 306,   701, 0, 0, 0, 0, 0, 9,
RGI60-06.00069,G341239E65763N,20009999,-9999999, -18.760600000,  65.763400000, 6, 1,         1.216,  903, 1268, 1058, 22.2, 346,   899, 0, 0, 0, 0, 0, 9,
RGI60-06.00070,G341192E65767N,20009999,-9999999, -18.807700000,  65.767300000, 6, 1,         0.380, 1012, 1328, 1113, 17.2,  36,   674, 0, 0, 0, 0, 0, 9,
RGI60-06.00071,G341208E65771N,20009999,-9999999, -18.792200000,  65.770800000, 6, 1,         2.152,  684, 1297,  946, 16.7,  40,  1818, 0, 0, 0, 0, 0, 9,
RGI60-06.00072,G341196E65752N,20009999,-9999999, -18.804200000,  65.752300000, 6, 1,         0.522,  961, 1294, 1136, 18.2, 156,  1124, 0, 0, 0, 0, 0, 9,
RGI60-06.00073,G341260E65761N,20009999,-9999999, -18.739800000,  65.760600000, 6, 1,         0.053, 1145, 1264, 1216, 27.4, 134,   340, 0, 0, 0, 0, 0, 9,
RGI60-06.00074,G341181E65761N,20009999,-9999999, -18.818900000,  65.761100000, 6, 1,         1.897,  907, 1322, 1081, 15.0, 309,  1761, 0, 0, 1, 0, 0, 9,
RGI60-06.00075,G341301E65775N,20009999,-9999999, -18.699300000,  65.775000000, 6, 1,         0.263,  923, 1102, 1030, 17.1, 301,   519, 0, 0, 0, 0, 0, 9,
RGI60-06.00076,G341313E65774N,20009999,-9999999, -18.686600000,  65.774300000, 6, 1,         0.190, 1144, 1258, 1194, 16.9, 253,   994, 0, 0, 0, 0, 0, 9,
RGI60-06.00077,G341317E65774N,20009999,-9999999, -18.682900000,  65.774000000, 6, 1,         0.214, 1106, 1261, 1199, 21.0, 152,   555, 0, 0, 0, 0, 0, 9,
RGI60-06.00078,G341443E65774N,20009999,-9999999, -18.557100000,  65.773900000, 6, 1,         0.684,  869, 1377, 1009, 15.5, 275,  1897, 0, 0, 0, 0, 0, 9,
RGI60-06.00079,G341530E65778N,20009999,-9999999, -18.469800000,  65.778000000, 6, 1,         0.461,  985, 1192, 1099, 23.6,   9,   618, 0, 0, 0, 0, 0, 9,
RGI60-06.00080,G341628E65489N,20009999,-9999999, -18.371800000,  65.489200000, 6, 1,         0.302,  950, 1300, 1139, 16.6,  59,   731, 0, 0, 0, 0, 0, 9,
RGI60-06.00081,G341476E65778N,20009999,-9999999, -18.523900000,  65.777700000, 6, 1,         0.827, 1112, 1362, 1233, 16.0, 348,  1191, 0, 0, 0, 0, 0, 9,
RGI60-06.00082,G341500E65778N,20009999,-9999999, -18.499600000,  65.778200000, 6, 1,         0.395, 1144, 1291, 1201, 16.7,   7,  1043, 0, 0, 0, 0, 0, 9,
RGI60-06.00083,G341060E65789N,20009999,-9999999, -18.939900000,  65.789000000, 6, 1,         0.123,  946, 1098, 1036, 24.9,   0,   430, 0, 0, 0, 0, 0, 9,
RGI60-06.00084,G341586E65474N,20009999,-9999999, -18.414500000,  65.474400000, 6, 1,         0.600,  932, 1253,  994, 15.7,  42,  1176, 0, 0, 0, 0, 0, 9,
RGI60-06.00085,G341570E65477N,20009999,-9999999, -18.430000000,  65.477100000, 6, 1,         0.577,  998, 1276, 1144, 15.5,  61,   896, 0, 0, 0, 0, 0, 9,
RGI60-06.00086,G341080E65791N,20009999,-9999999, -18.920400000,  65.791000000, 6, 1,         0.230,  894, 1125,  997, 23.5, 348,   595, 0, 0, 0, 0, 0, 9,
RGI60-06.00087,G341469E65789N,20009999,-9999999, -18.531100000,  65.788700000, 6, 1,         0.445,  994, 1165, 1063, 18.2,  56,   942, 0, 0, 0, 0, 0, 9,
RGI60-06.00088,G341154E65796N,20009999,-9999999, -18.845700000,  65.795800000, 6, 1,         0.172, 1071, 1270, 1184, 21.4,  23,   521, 0, 0, 0, 0, 0, 9,
RGI60-06.00089,G341181E65791N,20009999,-9999999, -18.819300000,  65.790700000, 6, 1,         1.745,  860, 1265, 1028, 17.8,   7,  1157, 0, 0, 0, 0, 0, 9,
RGI60-06.00090,G341223E65798N,20009999,-9999999, -18.776700000,  65.798100000, 6, 1,         0.313,  955, 1259, 1168, 19.5, 278,   636, 0, 0, 0, 0, 0, 9,
RGI60-06.00091,G341459E65796N,20009999,-9999999, -18.540700000,  65.796000000, 6, 1,         0.122, 1123, 1236, 1173, 31.8, 106,   355, 0, 0, 0, 0, 0, 9,
RGI60-06.00092,G341287E65809N,20009999,-9999999, -18.712800000,  65.808600000, 6, 1,         0.295,  853, 1227, 1031, 19.9, 112,   879, 0, 0, 0, 0, 0, 9,
RGI60-06.00093,G341265E65808N,20009999,-9999999, -18.735300000,  65.808400000, 6, 1,         0.377, 1041, 1199, 1131, 20.9, 332,   771, 0, 0, 0, 0, 0, 9,
RGI60-06.00094,G341239E65807N,20009999,-9999999, -18.761100000,  65.806600000, 6, 1,         1.202,  955, 1195, 1086, 16.1,  12,  1172, 0, 0, 0, 0, 0, 9,
RGI60-06.00095,G341502E65840N,20009999,-9999999, -18.498400000,  65.839500000, 6, 1,         0.084, 1135, 1329, 1268, 23.1, 284,   320, 0, 0, 0, 0, 0, 9,
RGI60-06.00096,G341490E65845N,20009999,-9999999, -18.510400000,  65.844500000, 6, 1,         0.752,  949, 1193, 1058, 15.8, 268,  1107, 0, 0, 0, 0, 0, 9,
RGI60-06.00097,G341508E65839N,20009999,-9999999, -18.492500000,  65.838900000, 6, 1,         0.167, 1099, 1326, 1194, 18.8,  90,   399, 0, 0, 0, 0, 0, 9,
RGI60-06.00098,G341479E65804N,20009999,-9999999, -18.521300000,  65.804000000, 6, 1,         0.582,  983, 1210, 1083, 18.7,  23,  1089, 0, 0, 0, 0, 0, 9,
RGI60-06.00099,G341143E65798N,20009999,-9999999, -18.857000000,  65.797700000, 6, 1,         0.195, 1020, 1300, 1162, 20.0,  25,   804, 0, 0, 0, 0, 0, 9,
RGI60-06.00100,G341131E65803N,20009999,-9999999, -18.869000000,  65.803400000, 6, 1,         0.804, 1049, 1242, 1156, 19.1,  50,  1102, 0, 0, 0, 0, 0, 9,
RGI60-06.00101,G341111E65806N,20009999,-9999999, -18.889100000,  65.806000000, 6, 1,         0.253, 1003, 1282, 1133, 24.7,  25,   739, 0, 0, 0, 0, 0, 9,
RGI60-06.00102,G341097E65812N,20009999,-9999999, -18.903300000,  65.811600000, 6, 1,         0.587,  842, 1194, 1035, 22.8,  52,   862, 0, 0, 0, 0, 0, 9,
RGI60-06.00103,G341083E65819N,20009999,-9999999, -18.916900000,  65.818900000, 6, 1,         0.194,  945, 1119, 1038, 19.0,   7,   486, 0, 0, 0, 0, 0, 9,
RGI60-06.00104,G341030E65840N,20009999,-9999999, -18.969600000,  65.839500000, 6, 1,         1.532,  829, 1133,  929, 15.7, 113,  1438, 0, 0, 0, 0, 0, 9,
RGI60-06.00105,G341013E65851N,20009999,-9999999, -18.987200000,  65.851100000, 6, 1,         0.732,  897, 1120,  976, 15.7, 296,   742, 0, 0, 0, 0, 0, 9,
RGI60-06.00106,G341031E65852N,20009999,-9999999, -18.969100000,  65.852300000, 6, 1,         0.882,  905, 1155,  990, 16.8,  55,  1232, 0, 0, 0, 0, 0, 9,
RGI60-06.00107,G340958E65858N,20009999,-9999999, -19.042300000,  65.857700000, 6, 1,         0.473,  859, 1034, 1016, 15.9,  35,  1040, 0, 0, 0, 0, 0, 9,
RGI60-06.00108,G341499E65856N,20009999,-9999999, -18.500800000,  65.856400000, 6, 1,         0.137, 1174, 1307, 1257, 20.4, 308,   315, 0, 0, 0, 0, 0, 9,
RGI60-06.00109,G341511E65854N,20009999,-9999999, -18.489500000,  65.854200000, 6, 1,         0.572,  905, 1312, 1075, 15.8,  89,   931, 0, 0, 0, 0, 0, 9,
RGI60-06.00110,G341538E65865N,20009999,-9999999, -18.461800000,  65.865000000, 6, 1,         1.072, 1029, 1283, 1159, 18.7, 160,  1392, 0, 0, 0, 0, 0, 9,
RGI60-06.00111,G341080E65430N,20009999,-9999999, -18.919700000,  65.430500000, 6, 1,         0.044,  950, 1047,  995, 26.4,  12,   195, 0, 0, 0, 0, 0, 9,
RGI60-06.00112,G341035E65873N,20009999,-9999999, -18.965100000,  65.872600000, 6, 1,         0.730,  786,  962,  909, 14.7, 264,   617, 0, 0, 0, 0, 0, 9,
RGI60-06.00113,G341052E65874N,20009999,-9999999, -18.948400000,  65.874200000, 6, 1,         0.718,  827,  998,  921, 14.4, 155,   863, 0, 0, 0, 0, 0, 9,
RGI60-06.00114,G341140E65894N,20009999,-9999999, -18.859900000,  65.893500000, 6, 1,         0.117,  907, 1115, 1055, 27.6, 318,   350, 0, 0, 0, 0, 0, 9,
RGI60-06.00115,G341193E65893N,20009999,-9999999, -18.806700000,  65.893200000, 6, 1,         0.277,  851, 1150,  969, 23.3,  33,   610, 0, 0, 0, 0, 0, 9,
RGI60-06.00116,G341263E65893N,20009999,-9999999, -18.736800000,  65.893300000, 6, 1,         0.417,  843, 1197,  976, 17.7,  32,   791, 0, 0, 0, 0, 0, 9,
RGI60-06.00117,G341515E65895N,20009999,-9999999, -18.484700000,  65.894700000, 6, 1,         0.249,  763,  936,  842, 22.8, 285,   644, 0, 0, 0, 0, 0, 9,
RGI60-06.00118,G341538E65483N,20009999,-9999999, -18.461900000,  65.482700000, 6, 1,         0.962,  899, 1240, 1147, 17.5,  17,  1568, 0, 0, 0, 0, 0, 9,
RGI60-06.00119,G341511E65488N,20009999,-9999999, -18.488900000,  65.488400000, 6, 1,         1.612, 1001, 1303, 1234, 12.7,  58,  1999, 0, 0, 0, 0, 0, 9,
RGI60-06.00120,G341240E65902N,20009999,-9999999, -18.759600000,  65.902200000, 6, 1,         0.165,  885, 1195, 1031, 23.1,  72,   679, 0, 0, 0, 0, 0, 9,
RGI60-06.00121,G341156E65902N,20009999,-9999999, -18.843600000,  65.902000000, 6, 1,         0.679,  870, 1180, 1039, 18.2,  45,  1190, 0, 0, 0, 0, 0, 9,
RGI60-06.00122,G341179E65897N,20009999,-9999999, -18.820700000,  65.896700000, 6, 1,         0.232,  990, 1121, 1067, 27.4,  86,   517, 0, 0, 0, 0, 0, 9,
RGI60-06.00123,G341213E65907N,20009999,-9999999, -18.786700000,  65.906600000, 6, 1,         0.137,  847, 1132, 1048, 15.6, 294,   358, 0, 0, 0, 0, 0, 9,
RGI60-06.00124,G341217E65906N,20009999,-9999999, -18.782700000,  65.906000000, 6, 1,         0.069, 1033, 1127, 1099, 17.6, 117,   195, 0, 0, 0, 0, 0, 9,
RGI60-06.00125,G341227E65908N,20009999,-9999999, -18.773300000,  65.907500000, 6, 1,         0.078, 1138, 1211, 1190, 23.3, 256,   261, 0, 0, 0, 0, 0, 9,
RGI60-06.00126,G341234E65912N,20009999,-9999999, -18.766200000,  65.911900000, 6, 1,         0.157,  798, 1205, 1029, 16.4, 344,   677, 0, 0, 0, 0, 0, 9,
RGI60-06.00127,G341599E65489N,20009999,-9999999, -18.401400000,  65.489000000, 6, 1,         0.142,  909, 1067,  959, 20.9,  38,   465, 0, 0, 0, 0, 0, 9,
RGI60-06.00128,G341329E65915N,20009999,-9999999, -18.670600000,  65.914700000, 6, 1,         0.168,  944, 1126, 1019, 31.0, 328,   510, 0, 0, 0, 0, 0, 9,
RGI60-06.00129,G341265E65917N,20009999,-9999999, -18.734600000,  65.916500000, 6, 1,         0.512,  780, 1181,  895, 21.0, 359,   987, 0, 0, 0, 0, 0, 9,
RGI60-06.00130,G342243E65910N,20009999,-9999999, -17.756800000,  65.909500000, 6, 1,         0.531,  962, 1043, 1015, 14.4,  99,   901, 0, 0, 0, 0, 0, 9,
RGI60-06.00131,G342216E65930N,20009999,-9999999, -17.784500000,  65.930300000, 6, 1,         0.123,  899, 1101, 1010, 26.7, 250,   412, 0, 0, 0, 0, 0, 9,
RGI60-06.00132,G342004E65954N,20009999,-9999999, -17.996300000,  65.954200000, 6, 1,         0.165, 1138, 1175, 1161, 21.6,  58,   764, 0, 0, 0, 0, 0, 9,
RGI60-06.00133,G342225E65952N,20009999,-9999999, -17.774800000,  65.951600000, 6, 1,         0.967,  785, 1199, 1002, 15.6, 337,  1407, 0, 0, 0, 0, 0, 9,
RGI60-06.00134,G342240E65949N,20009999,-9999999, -17.760000000,  65.949100000, 6, 1,         0.233,  890, 1139, 1074, 24.7,  68,   450, 0, 0, 0, 0, 0, 9,
RGI60-06.00135,G341227E65503N,20009999,-9999999, -18.772700000,  65.502600000, 6, 1,         0.222, 1061, 1122, 1115, 21.8, 111,   428, 0, 0, 0, 0, 0, 9,
RGI60-06.00136,G342252E65957N,20009999,-9999999, -17.748200000,  65.957100000, 6, 1,         0.123,  969, 1082, 1059, 29.2,  26,   439, 0, 0, 0, 0, 0, 9,
RGI60-06.00137,G342240E65976N,20009999,-9999999, -17.759700000,  65.976300000, 6, 1,         2.165,  678, 1091,  889, 15.9, 355,  2178, 0, 0, 0, 0, 0, 9,
RGI60-06.00138,G342267E65976N,20009999,-9999999, -17.733300000,  65.975800000, 6, 1,         0.290,  846, 1072,  967, 25.0,  44,   639, 0, 0, 0, 0, 0, 9,
RGI60-06.00139,G342265E65990N,20009999,-9999999, -17.735100000,  65.989500000, 6, 1,         0.117,  864, 1015,  986, 24.2,  45,   399, 0, 0, 0, 0, 0, 9,
RGI60-06.00140,G340989E65816N,20009999,-9999999, -19.010900000,  65.815900000, 6, 1,         1.130,  779, 1121,  976, 15.3,  62,  1079, 0, 0, 0, 0, 0, 9,
RGI60-06.00141,G340969E65822N,20009999,-9999999, -19.031100000,  65.822200000, 6, 1,         0.759,  753, 1100,  956, 15.9, 355,  1033, 0, 0, 0, 0, 0, 9,
RGI60-06.00142,G342258E65997N,20009999,-9999999, -17.741900000,  65.996900000, 6, 1,         0.229,  766, 1052,  870, 21.1,  85,   621, 0, 0, 0, 0, 0, 9,
RGI60-06.00143,G342238E66001N,20009999,-9999999, -17.762100000,  66.001000000, 6, 1,         0.229,  716,  939,  815, 17.4, 261,   471, 0, 0, 0, 0, 0, 9,
RGI60-06.00144,G341811E66020N,20009999,-9999999, -18.189500000,  66.020400000, 6, 1,         0.155,  787,  954,  878, 21.0,  34,   594, 0, 0, 0, 0, 0, 9,
RGI60-06.00145,G341805E66022N,20009999,-9999999, -18.195100000,  66.021500000, 6, 1,         0.051,  856,  954,  882, 21.6, 329,   180, 0, 0, 0, 0, 0, 9,
RGI60-06.00146,G342233E66018N,20009999,-9999999, -17.766800000,  66.017900000, 6, 1,         0.187,  860, 1037,  896, 22.0, 282,   440, 0, 0, 0, 0, 0, 9,
RGI60-06.00147,G341789E66026N,20009999,-9999999, -18.210800000,  66.025900000, 6, 1,         0.548,  651, 1056,  799, 20.9,  39,   818, 0, 0, 0, 0, 0, 9,
RGI60-06.00148,G341404E66043N,20009999,-9999999, -18.596100000,  66.042600000, 6, 1,         0.155,  728,  984,  863, 29.1, 332,   481, 0, 0, 0, 0, 0, 9,
RGI60-06.00149,G341846E66051N,20009999,-9999999, -18.154500000,  66.050500000, 6, 1,         0.127,  774,  900,  864, 23.1,  28,   448, 0, 0, 0, 0, 0, 9,
RGI60-06.00150,G341492E65501N,20009999,-9999999, -18.507900000,  65.501100000, 6, 1,         0.360, 1116, 1259, 1226, 17.1,  55,   803, 0, 0, 0, 0, 0, 9,
RGI60-06.00151,G341773E66057N,20009999,-9999999, -18.227500000,  66.057400000, 6, 1,         0.764,  587,  955,  735, 19.5,  30,  1070, 0, 0, 0, 0, 0, 9,
RGI60-06.00152,G341757E66057N,20009999,-9999999, -18.243200000,  66.056900000, 6, 1,         0.051,  896,  950,  936, 30.1, 229,   237, 0, 0, 0, 0, 0, 9,
RGI60-06.00153,G341768E66065N,20009999,-9999999, -18.232300000,  66.065000000, 6, 1,         0.080,  698,  828,  781, 31.5,  93,   336, 0, 0, 0, 0, 0, 9,
RGI60-06.00154,G341350E65823N,20009999,-9999999, -18.650000000,  65.822500000, 6, 1,         0.094,  822,  993,  892, 16.2,  70,   403, 0, 0, 0, 0, 0, 9,
RGI60-06.00155,G342020E66069N,20009999,-9999999, -17.979900000,  66.069200000, 6, 1,         0.114,  796,  954,  896, 30.2, 152,   376, 0, 0, 0, 0, 0, 9,
RGI60-06.00156,G342045E66070N,20009999,-9999999, -17.954700000,  66.069800000, 6, 1,         0.167,  727,  916,  840, 20.5, 355,   557, 0, 0, 0, 0, 0, 9,
RGI60-06.00157,G342045E66068N,20009999,-9999999, -17.955300000,  66.068200000, 6, 1,         0.073,  818,  910,  862, 29.2, 234,   283, 0, 0, 0, 0, 0, 9,
RGI60-06.00158,G341969E66077N,20009999,-9999999, -18.031000000,  66.077000000, 6, 1,         0.122,  646,  794,  713, 33.6, 248,   395, 0, 0, 0, 0, 0, 9,
RGI60-06.00159,G341766E66080N,20009999,-9999999, -18.234400000,  66.079800000, 6, 1,         0.206,  503,  838,  706, 25.5, 359,   591, 0, 0, 0, 0, 0, 9,
RGI60-06.00160,G341750E66084N,20009999,-9999999, -18.250000000,  66.084400000, 6, 1,         0.219,  632,  858,  765, 20.9,  66,   416, 0, 0, 0, 0, 0, 9,
RGI60-06.00161,G341747E66092N,20009999,-9999999, -18.253500000,  66.092400000, 6, 1,         0.144,  460,  606,  528, 18.2,  19,   523, 0, 0, 0, 0, 0, 9,
RGI60-06.00162,G341840E66092N,20009999,-9999999, -18.159700000,  66.092100000, 6, 1,         0.131,  611,  822,  705, 16.1,  32,   562, 0, 0, 0, 0, 0, 9,
RGI60-06.00163,G341979E66096N,20009999,-9999999, -18.021100000,  66.096400000, 6, 1,         0.125,  695,  980,  859, 38.2, 331,   460, 0, 0, 0, 0, 0, 9,
RGI60-06.00164,G340926E65515N,20009999,-9999999, -19.073800000,  65.514900000, 6, 1,         0.094, 1062, 1240, 1153, 29.8, 358,   226, 0, 0, 0, 0, 0, 9,
RGI60-06.00165,G341996E66101N,20009999,-9999999, -18.004100000,  66.100800000, 6, 1,         0.458,  669,  900,  798, 18.5,  31,   976, 0, 0, 0, 0, 0, 9,
RGI60-06.00166,G340949E65827N,20009999,-9999999, -19.051000000,  65.826600000, 6, 1,         0.343,  724, 1032,  811, 18.3,   8,   599, 0, 0, 0, 0, 0, 9,
RGI60-06.00167,G341989E66109N,20009999,-9999999, -18.011500000,  66.108500000, 6, 1,         0.334,  598,  786,  697, 28.4, 341,   518, 0, 0, 0, 0, 0, 9,
RGI60-06.00168,G341478E65510N,20009999,-9999999, -18.522000000,  65.510200000, 6, 1,         0.272, 1059, 1229, 1105, 17.2,   5,   549, 0, 0, 0, 0, 0, 9,
RGI60-06.00169,G341269E65515N,20009999,-9999999, -18.731100000,  65.514800000, 6, 1,         0.485,  987, 1182, 1151, 14.7, 349,   806, 0, 0, 0, 0, 0, 9,
RGI60-06.00170,G341253E65517N,20009999,-9999999, -18.746600000,  65.517200000, 6, 1,         0.158, 1006, 1160, 1089, 17.2,  52,   428, 0, 0, 0, 0, 0, 9,
RGI60-06.00171,G341356E65527N,20009999,-9999999, -18.644400000,  65.526600000, 6, 1,         0.139, 1022, 1213, 1089, 20.9, 358,   552, 0, 0, 0, 0, 0, 9,
RGI60-06.00172,G341468E65431N,20009999,-9999999, -18.532000000,  65.431100000, 6, 1,         0.164, 1041, 1125, 1099, 10.6, 331,   313, 0, 0, 0, 0, 0, 9,
RGI60-06.00173,G341332E65526N,20009999,-9999999, -18.667600000,  65.525700000, 6, 1,         0.770, 1032, 1240, 1110, 15.6,  11,  1129, 0, 0, 0, 0, 0, 9,
RGI60-06.00174,G341011E65533N,20009999,-9999999, -18.989300000,  65.532800000, 6, 1,         0.188, 1151, 1180, 1170, 21.6,  90,   434, 0, 0, 0, 0, 0, 9,
RGI60-06.00175,G341001E65540N,20009999,-9999999, -18.999000000,  65.539900000, 6, 1,         0.275, 1174, 1197, 1181, 17.3,  95,   555, 0, 0, 0, 0, 0, 9,
RGI60-06.00176,G341679E65532N,20009999,-9999999, -18.321300000,  65.532400000, 6, 1,         0.191, 1047, 1326, 1185, 29.8,  33,   605, 0, 0, 0, 0, 0, 9,
RGI60-06.00177,G341659E65536N,20009999,-9999999, -18.340900000,  65.535800000, 6, 1,         0.926, 1005, 1362, 1164, 13.8,  30,  1787, 0, 0, 0, 0, 0, 9,
RGI60-06.00178,G341646E65531N,20009999,-9999999, -18.353600000,  65.530900000, 6, 1,         0.065, 1291, 1359, 1327, 28.6, 208,   135, 0, 0, 0, 0, 0, 9,
RGI60-06.00179,G341500E65817N,20009999,-9999999, -18.500100000,  65.817200000, 6, 1,         0.132, 1079, 1297, 1244, 18.0, 147,   605, 0, 0, 0, 0, 0, 9,
RGI60-06.00180,G341500E65820N,20009999,-9999999, -18.500200000,  65.819800000, 6, 1,         0.163, 1056, 1296, 1216, 18.5, 316,   522, 0, 0, 0, 0, 0, 9,
RGI60-06.00181,G340990E65549N,20009999,-9999999, -19.010300000,  65.549100000, 6, 1,         0.109, 1164, 1218, 1191, 21.3,  42,   266, 0, 0, 0, 0, 0, 9,
RGI60-06.00182,G341569E65543N,20009999,-9999999, -18.431000000,  65.543200000, 6, 1,         0.206, 1160, 1349, 1280, 23.6,   5,   500, 0, 0, 0, 0, 0, 9,
RGI60-06.00183,G341586E65551N,20009999,-9999999, -18.414200000,  65.551300000, 6, 1,         0.245, 1184, 1295, 1227, 17.7, 301,   534, 0, 0, 0, 0, 0, 9,
RGI60-06.00184,G340915E65562N,20009999,-9999999, -19.084700000,  65.562200000, 6, 1,         0.117, 1004, 1266, 1171, 25.1, 339,   472, 0, 0, 0, 0, 0, 9,
RGI60-06.00185,G341620E65555N,20009999,-9999999, -18.379800000,  65.554500000, 6, 1,         0.061, 1244, 1361, 1326, 30.6,  86,   293, 0, 0, 0, 0, 0, 9,
RGI60-06.00186,G341642E65552N,20009999,-9999999, -18.358400000,  65.551500000, 6, 1,         1.539, 1026, 1407, 1159, 16.6,   9,  1384, 0, 0, 0, 0, 0, 9,
RGI60-06.00187,G341499E65436N,20009999,-9999999, -18.500800000,  65.436200000, 6, 1,         0.299, 1066, 1230, 1150, 22.5,  73,   636, 0, 0, 0, 0, 0, 9,
RGI60-06.00188,G341165E65565N,20009999,-9999999, -18.834600000,  65.564600000, 6, 1,         0.239, 1016, 1124, 1099, 21.1,   7,   422, 0, 0, 0, 0, 0, 9,
RGI60-06.00189,G341718E65555N,20009999,-9999999, -18.282400000,  65.554500000, 6, 1,         0.734, 1177, 1486, 1275, 16.5, 286,  1087, 0, 0, 0, 0, 0, 9,
RGI60-06.00190,G340856E65565N,20009999,-9999999, -19.144300000,  65.564900000, 6, 1,         0.497,  591, 1253,  987, 18.7, 316,  2117, 0, 0, 0, 0, 0, 9,
RGI60-06.00191,G341295E65820N,20009999,-9999999, -18.705300000,  65.819800000, 6, 1,         0.901,  821, 1247,  964, 14.9,  17,  1627, 0, 0, 0, 0, 1, 0,Burfellsjoekull
RGI60-06.00192,G341281E65817N,20009999,-9999999, -18.719400000,  65.817400000, 6, 1,         0.286,  960, 1224, 1055, 17.3, 343,   652, 0, 0, 0, 0, 0, 9,
RGI60-06.00193,G340889E65564N,20009999,-9999999, -19.111300000,  65.564400000, 6, 1,         1.167,  804, 1246,  979, 18.2,  16,  1726, 0, 0, 0, 0, 0, 9,
RGI60-06.00194,G341598E65560N,20009999,-9999999, -18.402500000,  65.559900000, 6, 1,         0.793, 1095, 1379, 1272, 18.6, 314,  1164, 0, 0, 0, 0, 0, 9,
RGI60-06.00195,G341718E65567N,20009999,-9999999, -18.282100000,  65.566600000, 6, 1,         0.413, 1109, 1406, 1225, 18.4, 321,   820, 0, 0, 0, 0, 0, 9,
RGI60-06.00196,G341143E65573N,20009999,-9999999, -18.857400000,  65.573300000, 6, 1,         0.232,  990, 1156, 1076, 16.8,  38,   525, 0, 0, 0, 0, 0, 9,
RGI60-06.00197,G341120E65575N,20009999,-9999999, -18.880400000,  65.575200000, 6, 1,         1.894, 1001, 1244, 1169, 14.0,  73,  1398, 0, 0, 0, 0, 0, 9,
RGI60-06.00198,G341092E65579N,20009999,-9999999, -18.908100000,  65.579000000, 6, 1,         2.095, 1021, 1252, 1177, 12.1, 334,  1637, 0, 0, 0, 0, 0, 9,
RGI60-06.00199,G341588E65582N,20009999,-9999999, -18.412300000,  65.582200000, 6, 1,         0.533, 1090, 1332, 1205, 21.6,   9,   580, 0, 0, 0, 0, 0, 9,
RGI60-06.00200,G341764E65548N,20009999,-9999999, -18.235800000,  65.547700000, 6, 1,         0.217, 1018, 1202, 1141, 15.8, 130,   815, 0, 0, 0, 0, 0, 9,
RGI60-06.00201,G341749E65552N,20009999,-9999999, -18.251400000,  65.551500000, 6, 1,         0.539, 1232, 1485, 1366, 19.7, 103,  1104, 0, 0, 0, 0, 0, 9,
RGI60-06.00202,G341752E65570N,20009999,-9999999, -18.248000000,  65.570100000, 6, 1,         2.465,  799, 1522, 1121, 14.7, 359,  3517, 0, 0, 0, 0, 0, 9,
RGI60-06.00203,G341628E65585N,20009999,-9999999, -18.371900000,  65.584700000, 6, 1,         1.849, 1062, 1416, 1195, 16.5, 345,  1554, 0, 0, 0, 0, 3, 1,Baegisarjoekull
RGI60-06.00204,G341623E65566N,20009999,-9999999, -18.377500000,  65.565700000, 6, 1,         0.170, 1175, 1321, 1261, 24.6,  97,   424, 0, 0, 0, 0, 0, 9,
RGI60-06.00205,G341626E65574N,20009999,-9999999, -18.373600000,  65.573800000, 6, 1,         0.837, 1168, 1415, 1286, 15.3, 141,  1080, 0, 0, 0, 0, 0, 9,
RGI60-06.00206,G341436E65434N,20009999,-9999999, -18.563700000,  65.433700000, 6, 1,         1.247, 1008, 1196, 1083, 15.8,  30,   977, 0, 0, 0, 0, 0, 9,
RGI60-06.00207,G340965E65582N,20009999,-9999999, -19.035400000,  65.582400000, 6, 1,         1.346,  950, 1260, 1102, 14.2,   8,  1901, 0, 0, 0, 0, 0, 9,
RGI60-06.00208,G340936E65595N,20009999,-9999999, -19.063700000,  65.594700000, 6, 1,         2.381,  756, 1236,  996, 16.0,  38,  2456, 0, 0, 0, 0, 0, 9,
RGI60-06.00209,G341666E65598N,20009999,-9999999, -18.334300000,  65.598400000, 6, 1,         0.208, 1433, 1461, 1451, 27.2,  96,   446, 0, 0, 0, 0, 0, 9,
RGI60-06.00210,G341272E65825N,20009999,-9999999, -18.727700000,  65.824600000, 6, 1,         0.152,  861,  952,  916, 24.8, 279,   601, 0, 0, 0, 0, 0, 9,
RGI60-06.00211,G341280E65602N,20009999,-9999999, -18.720100000,  65.601700000, 6, 1,         1.469,  959, 1264, 1020, 13.9,  21,  1194, 0, 0, 0, 0, 0, 9,
RGI60-06.00212,G341245E65608N,20009999,-9999999, -18.755000000,  65.607600000, 6, 1,         0.442,  904, 1213, 1044, 14.0, 296,  1214, 0, 0, 0, 0, 0, 9,
RGI60-06.00213,G340903E65599N,20009999,-9999999, -19.096800000,  65.599200000, 6, 1,         0.667,  891, 1278, 1014, 18.7,  13,  1345, 0, 0, 0, 0, 0, 9,
RGI60-06.00214,G340894E65605N,20009999,-9999999, -19.106400000,  65.605100000, 6, 1,         0.937,  892, 1268,  997, 15.6,  76,  1437, 0, 0, 0, 0, 0, 9,
RGI60-06.00215,G340872E65614N,20009999,-9999999, -19.127800000,  65.613600000, 6, 1,         0.999,  957, 1198, 1019, 16.5,  46,  1167, 0, 0, 0, 0, 0, 9,
RGI60-06.00216,G341657E65612N,20009999,-9999999, -18.343400000,  65.611500000, 6, 1,         0.280, 1260, 1445, 1347, 11.1,  58,   915, 0, 0, 0, 0, 0, 9,
RGI60-06.00217,G341649E65611N,20009999,-9999999, -18.351100000,  65.610500000, 6, 1,         0.112, 1333, 1444, 1375, 15.7, 292,   269, 0, 0, 0, 0, 0, 9,
RGI60-06.00218,G340860E65624N,20009999,-9999999, -19.139900000,  65.624300000, 6, 1,         0.090,  967, 1072,  994, 15.9,  19,   404, 0, 0, 0, 0, 0, 9,
RGI60-06.00219,G340848E65632N,20009999,-9999999, -19.152000000,  65.631900000, 6, 1,         0.099,  894, 1076,  984, 16.3, 345,   375, 0, 0, 0, 0, 0, 9,
RGI60-06.00220,G341185E65619N,20009999,-9999999, -18.814600000,  65.619200000, 6, 1,         6.303,  842, 1380, 1079, 14.1,  80,  3210, 0, 0, 0, 0, 0, 9,
RGI60-06.00221,G341134E65630N,20009999,-9999999, -18.865900000,  65.629600000, 6, 1,         4.538,  946, 1370, 1138, 13.0, 294,  2685, 0, 0, 0, 0, 0, 9,
RGI60-06.00222,G341725E65646N,20009999,-9999999, -18.275200000,  65.645600000, 6, 1,         0.377, 1121, 1273, 1177, 16.2, 245,   622, 0, 0, 0, 0, 0, 9,
RGI60-06.00223,G341492E65445N,20009999,-9999999, -18.507800000,  65.445000000, 6, 1,         0.148, 1047, 1230, 1123, 22.0,  39,   595, 0, 0, 0, 0, 0, 9,
RGI60-06.00224,G341068E65662N,20009999,-9999999, -18.931700000,  65.661600000, 6, 1,         0.578,  952, 1240, 1187, 11.3, 203,  1371, 0, 0, 0, 0, 0, 9,
RGI60-06.00225,G341321E65823N,20009999,-9999999, -18.678900000,  65.822500000, 6, 1,         0.655,  874, 1167,  973, 16.5, 350,  1341, 0, 0, 0, 0, 3, 0,Teigadalsjoekull
RGI60-06.00226,G339463E64424N,20000820,-9999999, -20.537100000,  64.424400000, 6, 1,         0.113, 1046, 1139, 1089, 21.7,  12,   292, 0, 0, 0, 0, 0, 9,
RGI60-06.00227,G341291E64955N,19999999,-9999999, -18.708900000,  64.954700000, 6, 1,         0.147, 1025, 1142, 1084, 16.0,  22,   569, 0, 0, 0, 0, 0, 9,
RGI60-06.00228,G341234E64913N,19999999,-9999999, -18.765900000,  64.912700000, 6, 1,        26.951,  970, 1760, 1370,  7.3,   9, 11228, 0, 0, 1, 0, 0, 9,
RGI60-06.00229,G341489E64896N,19999999,-9999999, -18.510700000,  64.896400000, 6, 1,         8.371,  825, 1449, 1303, 11.0,  20,  4073, 0, 0, 1, 0, 0, 9,
RGI60-06.00230,G341505E64878N,19999999,-9999999, -18.495000000,  64.878300000, 6, 1,         1.687,  969, 1447, 1347, 10.5, 107,  2269, 0, 0, 1, 0, 0, 9,
RGI60-06.00231,G341485E64870N,19999999,-9999999, -18.515000000,  64.870400000, 6, 1,         1.681, 1226, 1449, 1347,  8.9, 162,  1777, 0, 0, 0, 0, 0, 9,
RGI60-06.00232,G341071E64709N,19999999,-9999999, -18.928600000,  64.709100000, 6, 1,       101.432,  734, 1696, 1210,  6.7, 183, 17490, 0, 0, 1, 0, 0, 9,
RGI60-06.00233,G341351E64913N,19999999,-9999999, -18.648900000,  64.912900000, 6, 1,        77.307,  902, 1681, 1309,  8.1,  25, 13386, 0, 0, 1, 0, 0, 9,
RGI60-06.00234,G341358E64799N,19999999,-9999999, -18.642200000,  64.798900000, 6, 1,       264.536,  715, 1762, 1223,  4.9, 117, 22676, 0, 0, 1, 0, 3, 1,Thjorsarjoekull (Hofsjoekull E)
RGI60-06.00235,G340952E64817N,19999999,-9999999, -19.048400000,  64.816700000, 6, 1,       103.558,  866, 1763, 1279,  9.0, 269, 14238, 0, 0, 1, 0, 3, 9,Blondujoekull/Kvislajoekull
RGI60-06.00236,G340976E64757N,19999999,-9999999, -19.024100000,  64.757000000, 6, 1,        68.110,  765, 1760, 1308,  8.0, 239, 14751, 0, 0, 1, 0, 3, 1,Blagnipujoekull (Hofsjoekull SW)
RGI60-06.00237,G341220E64718N,19999999,-9999999, -18.780000000,  64.718300000, 6, 1,        77.758,  651, 1675, 1214,  6.0, 152, 20806, 0, 0, 1, 0, 3, 0,Mulajoekull
RGI60-06.00238,G341093E64901N,19999999,-9999999, -18.907200000,  64.901400000, 6, 1,       157.818,  937, 1764, 1295,  5.5, 324, 16871, 0, 0, 1, 0, 0, 9,
RGI60-06.00239,G339214E64547N,20000820,-9999999, -20.786500000,  64.546800000, 6, 1,         0.135,  846, 1044,  974, 29.1, 350,   478, 0, 0, 0, 0, 0, 9,
RGI60-06.00240,G339253E64534N,20000820,-9999999, -20.747100000,  64.533600000, 6, 1,         6.625,  872, 1340, 1175,  9.8, 236,  2807, 0, 0, 1, 0, 0, 9,
RGI60-06.00241,G339285E64554N,20000820,-9999999, -20.715000000,  64.554200000, 6, 1,         4.479,  736, 1347, 1156, 13.3, 341,  3923, 0, 0, 1, 0, 0, 9,
RGI60-06.00242,G339317E64529N,20000820,-9999999, -20.683400000,  64.528700000, 6, 1,         4.502,  779, 1346, 1173, 11.5, 162,  3178, 0, 0, 1, 0, 0, 9,
RGI60-06.00243,G339350E64550N,20000820,-9999999, -20.649800000,  64.549800000, 6, 1,         2.937,  863, 1340,  998, 11.0,  67,  4288, 0, 0, 1, 0, 0, 9,
RGI60-06.00244,G339312E64558N,20000820,-9999999, -20.688000000,  64.557700000, 6, 1,         2.791,  785, 1347, 1125, 14.0,   1,  3592, 0, 0, 1, 0, 0, 9,
RGI60-06.00245,G339259E64549N,20000820,-9999999, -20.741500000,  64.548900000, 6, 1,         2.702,  705, 1340, 1162, 13.9, 321,  2926, 0, 0, 1, 0, 0, 9,
RGI60-06.00246,G339346E64536N,20000820,-9999999, -20.654400000,  64.535600000, 6, 1,         2.024,  782, 1335, 1143, 12.0, 104,  2276, 0, 0, 1, 0, 0, 9,
RGI60-06.00247,G339348E64559N,20000820,-9999999, -20.652000000,  64.558800000, 6, 1,         2.304,  866, 1340, 1004, 11.7,  49,  3279, 0, 0, 1, 0, 0, 9,
RGI60-06.00248,G339291E64529N,20000820,-9999999, -20.709300000,  64.528600000, 6, 1,         1.023,  925, 1341, 1246, 11.6, 181,  2279, 0, 0, 1, 0, 0, 9,
RGI60-06.00249,G339357E64546N,20000820,-9999999, -20.642900000,  64.546500000, 6, 1,         0.126,  921, 1054,  989, 10.7,  76,   485, 0, 0, 0, 0, 0, 9,
RGI60-06.00250,G339052E64614N,20000820,-9999999, -20.947900000,  64.614300000, 6, 1,         0.101,  775,  865,  806, 26.6, 314,   270, 0, 0, 0, 0, 0, 9,
RGI60-06.00251,G339060E64618N,20000820,-9999999, -20.939900000,  64.617900000, 6, 1,         0.190,  761,  901,  799, 20.9, 318,   548, 0, 0, 0, 0, 0, 9,
RGI60-06.00252,G339117E64608N,20000820,-9999999, -20.883500000,  64.608100000, 6, 1,         3.378,  970, 1180, 1096, 10.6, 352,  2138, 0, 0, 0, 0, 0, 9,
RGI60-06.00253,G340773E64618N,19999999,-9999999, -19.226700000,  64.617900000, 6, 1,         0.383,  995, 1089, 1049, 12.6, 350,   633, 0, 0, 0, 0, 0, 9,
RGI60-06.00254,G340730E64622N,19999999,-9999999, -19.270400000,  64.622400000, 6, 1,         0.457, 1036, 1215, 1108, 18.8,  30,   397, 0, 0, 0, 0, 0, 9,
RGI60-06.00255,G340775E64631N,19999999,-9999999, -19.225200000,  64.630700000, 6, 1,         0.090, 1091, 1177, 1124, 17.1,  96,   280, 0, 0, 0, 0, 0, 9,
RGI60-06.00256,G340160E64510N,20000820,-9999999, -19.840500000,  64.509600000, 6, 1,         0.493,  956, 1149, 1059, 21.8,  10,   656, 0, 0, 0, 0, 0, 9,
RGI60-06.00257,G340702E64640N,19999999,-9999999, -19.297800000,  64.639500000, 6, 1,         0.528,  980, 1267, 1111, 19.5,  51,   751, 0, 0, 0, 0, 0, 9,
RGI60-06.00258,G340683E64646N,19999999,-9999999, -19.317400000,  64.646400000, 6, 1,         0.249, 1042, 1322, 1162, 18.9, 352,   865, 0, 0, 0, 0, 0, 9,
RGI60-06.00259,G340699E64636N,19999999,-9999999, -19.300900000,  64.636100000, 6, 1,         0.100, 1098, 1204, 1148, 16.5, 282,   381, 0, 0, 0, 0, 0, 9,
RGI60-06.00260,G340784E64646N,19999999,-9999999, -19.215800000,  64.646200000, 6, 1,         0.087, 1205, 1323, 1272, 21.5,  52,   326, 0, 0, 0, 0, 0, 9,
RGI60-06.00261,G340805E64643N,19999999,-9999999, -19.194700000,  64.642500000, 6, 1,         1.670,  922, 1219, 1140, 13.1,  42,  2109, 0, 0, 0, 0, 0, 9,
RGI60-06.00262,G340793E64629N,19999999,-9999999, -19.207400000,  64.628900000, 6, 1,         0.061, 1116, 1213, 1160, 20.3, 312,   230, 0, 0, 0, 0, 0, 9,
RGI60-06.00263,G340779E64650N,19999999,-9999999, -19.221300000,  64.649500000, 6, 1,         0.128, 1139, 1320, 1220, 18.7, 353,   581, 0, 0, 0, 0, 0, 9,
RGI60-06.00264,G340765E64640N,19999999,-9999999, -19.235500000,  64.639700000, 6, 1,         0.087, 1241, 1406, 1318, 28.2,  96,   391, 0, 0, 0, 0, 0, 9,
RGI60-06.00265,G340759E64640N,19999999,-9999999, -19.241300000,  64.639900000, 6, 1,         0.090, 1244, 1409, 1341, 20.0, 282,   266, 0, 0, 0, 0, 0, 9,
RGI60-06.00266,G340766E64649N,19999999,-9999999, -19.233700000,  64.649000000, 6, 1,         0.892, 1060, 1424, 1196, 25.5, 334,  1237, 0, 0, 0, 0, 0, 9,
RGI60-06.00267,G340799E64634N,19999999,-9999999, -19.201500000,  64.633900000, 6, 1,         0.251, 1147, 1219, 1170, 11.8, 157,   773, 0, 0, 0, 0, 0, 9,
RGI60-06.00268,G339456E64688N,20000820,-9999999, -20.544100000,  64.687500000, 6, 1,         0.362,  958, 1103, 1055, 19.3,  45,   647, 0, 0, 0, 0, 0, 9,
RGI60-06.00269,G339567E64708N,20000820,-9999999, -20.432600000,  64.708300000, 6, 1,         0.431,  760,  939,  819, 17.2, 360,   515, 0, 0, 0, 0, 0, 9,
RGI60-06.00270,G340253E64744N,20000820,-9999999, -19.746600000,  64.744100000, 6, 1,         3.668,  743, 1365, 1220, 15.0, 300,  2401, 0, 0, 0, 0, 0, 9,
RGI60-06.00271,G340285E64745N,20000820,-9999999, -19.715000000,  64.744900000, 6, 1,         0.705,  737, 1405, 1237, 19.2,  13,  1767, 0, 0, 0, 0, 0, 9,
RGI60-06.00272,G340294E64744N,20000820,-9999999, -19.705800000,  64.744300000, 6, 1,         0.498,  744, 1403, 1211, 24.0,  15,  1431, 0, 0, 0, 0, 0, 9,
RGI60-06.00273,G340299E64735N,20000820,-9999999, -19.701500000,  64.735100000, 6, 1,         0.483,  833, 1406, 1304, 22.8,  82,  1184, 0, 0, 0, 0, 0, 9,
RGI60-06.00274,G340298E64740N,20000820,-9999999, -19.702500000,  64.739800000, 6, 1,         0.128, 1177, 1401, 1309, 20.4,  58,   684, 0, 0, 0, 0, 0, 9,
RGI60-06.00275,G340274E64746N,20000820,-9999999, -19.726000000,  64.745900000, 6, 1,         1.263,  688, 1402, 1253, 15.9,  19,  2911, 0, 0, 1, 0, 0, 9,
RGI60-06.00276,G339608E64761N,20000820,-9999999, -20.392100000,  64.761000000, 6, 1,         4.889, 1337, 1660, 1498, 13.7, 177,  2622, 0, 0, 1, 0, 0, 9,
RGI60-06.00277,G339584E64786N,20000820,-9999999, -20.415800000,  64.785600000, 6, 1,         4.864,  902, 1663, 1456, 14.2, 326,  3627, 0, 0, 1, 0, 0, 9,
RGI60-06.00278,G339642E64777N,20000820,-9999999, -20.358200000,  64.776600000, 6, 1,         2.838, 1035, 1662, 1499, 18.0,  70,  2647, 0, 0, 1, 0, 0, 9,
RGI60-06.00279,G339538E64786N,20000820,-9999999, -20.461800000,  64.785800000, 6, 1,         0.608,  993, 1222, 1083, 19.1, 323,   900, 0, 0, 0, 0, 0, 9,
RGI60-06.00280,G339605E64800N,20000820,-9999999, -20.395100000,  64.799900000, 6, 1,         0.363,  985, 1365, 1246, 26.7,   2,   953, 0, 0, 0, 0, 0, 9,
RGI60-06.00281,G339637E64766N,20000820,-9999999, -20.363500000,  64.766300000, 6, 1,         1.001, 1333, 1636, 1514, 13.9, 130,  2071, 0, 0, 1, 0, 0, 9,
RGI60-06.00282,G339619E64796N,20000820,-9999999, -20.381400000,  64.795800000, 6, 1,         0.056, 1275, 1393, 1340, 33.5,  58,   375, 0, 0, 0, 0, 0, 9,
RGI60-06.00283,G339625E64789N,20000820,-9999999, -20.374600000,  64.789200000, 6, 1,         2.825,  661, 1644, 1444, 17.9,  32,  3984, 0, 0, 1, 0, 0, 9,
RGI60-06.00284,G342056E64733N,20000820,-9999999, -17.944200000,  64.733300000, 6, 1,         9.578, 1171, 1545, 1440,  8.8, 220,  4554, 0, 0, 1, 0, 0, 9,
RGI60-06.00285,G342152E64762N,20000820,-9999999, -17.848500000,  64.762300000, 6, 1,         7.592, 1174, 1539, 1350,  7.1,  89,  3309, 0, 0, 1, 0, 0, 9,
RGI60-06.00286,G342064E64761N,20000820,-9999999, -17.935700000,  64.761400000, 6, 1,         7.423,  941, 1545, 1339,  9.5, 333,  4133, 0, 0, 1, 0, 0, 9,
RGI60-06.00287,G342030E64747N,20000820,-9999999, -17.969700000,  64.746800000, 6, 1,         2.530, 1066, 1539, 1423, 12.5, 300,  1972, 0, 0, 1, 0, 0, 9,
RGI60-06.00288,G342110E64741N,20000820,-9999999, -17.890500000,  64.740600000, 6, 1,         1.835, 1199, 1540, 1507, 15.7, 154,  1910, 0, 0, 1, 0, 0, 9,
RGI60-06.00289,G342092E64733N,20000820,-9999999, -17.907800000,  64.732900000, 6, 1,         0.683, 1340, 1527, 1500, 10.2, 132,   954, 0, 0, 0, 0, 0, 9,
RGI60-06.00290,G342121E64773N,20000820,-9999999, -17.878600000,  64.772800000, 6, 1,         8.796, 1058, 1540, 1317,  8.2, 350,  4083, 0, 0, 1, 0, 0, 9,
RGI60-06.00291,G339565E64571N,20000820,-9999999, -20.435500000,  64.571000000, 6, 1,       126.529,  617, 1407, 1016,  5.6, 200, 17393, 0, 0, 1, 0, 3, 0,Hagafellsjoekull West
RGI60-06.00292,G339972E64821N,20000820,-9999999, -20.028500000,  64.821200000, 6, 1,        28.043,  939, 1300, 1196,  7.8, 295,  5890, 0, 0, 1, 0, 0, 9,
RGI60-06.00293,G340090E64720N,20000820,-9999999, -19.910400000,  64.720200000, 6, 1,        18.666,  722, 1303, 1090, 10.4, 109,  7300, 0, 0, 1, 0, 0, 9,
RGI60-06.00294,G340188E64849N,20000820,-9999999, -19.812300000,  64.848700000, 6, 1,        18.110,  886, 1298, 1163, 10.8, 105,  7249, 0, 0, 1, 0, 0, 9,
RGI60-06.00295,G339732E64689N,20000820,-9999999, -20.268400000,  64.689300000, 6, 1,         7.890,  783, 1300, 1261, 11.1, 335,  4585, 0, 0, 1, 0, 0, 9,
RGI60-06.00296,G339770E64692N,20000820,-9999999, -20.229900000,  64.692200000, 6, 1,         6.595,  783, 1300, 1262,  8.9, 354,  4977, 0, 0, 1, 0, 0, 9,
RGI60-06.00297,G339382E64590N,20000820,-9999999, -20.617700000,  64.590400000, 6, 1,         1.415,  964, 1400, 1243, 10.3, 218,  1460, 0, 0, 1, 0, 0, 9,
RGI60-06.00298,G339426E64590N,20000820,-9999999, -20.573700000,  64.589900000, 6, 1,         0.992, 1092, 1411, 1235, 11.1, 150,  1906, 0, 0, 0, 0, 0, 9,
RGI60-06.00299,G339365E64590N,20000820,-9999999, -20.634800000,  64.590300000, 6, 1,         0.298, 1153, 1250, 1185,  8.2, 244,   926, 0, 0, 0, 0, 0, 9,
RGI60-06.00300,G339351E64591N,20000820,-9999999, -20.649200000,  64.591300000, 6, 1,         0.179,  982, 1144, 1095, 12.5, 266,   451, 0, 0, 0, 0, 0, 9,
RGI60-06.00301,G340102E64872N,20000820,-9999999, -19.898000000,  64.871900000, 6, 1,        53.685,  979, 1300, 1168, 10.9, 350,  6712, 0, 0, 1, 0, 0, 9,
RGI60-06.00302,G340098E64783N,20000820,-9999999, -19.901600000,  64.782600000, 6, 1,        95.137,  758, 1321, 1163,  7.7, 108, 12982, 0, 0, 1, 0, 0, 9,
RGI60-06.00303,G339886E64726N,20000820,-9999999, -20.113600000,  64.726100000, 6, 1,       115.166,  757, 1300, 1173,  7.9, 318, 14405, 0, 0, 1, 0, 0, 9,
RGI60-06.00304,G339904E64569N,20000820,-9999999, -20.096000000,  64.569400000, 6, 1,        22.918,  739, 1266,  946, 12.2, 138,  6768, 0, 0, 1, 0, 0, 9,
RGI60-06.00305,G339628E64672N,20000820,-9999999, -20.371600000,  64.671900000, 6, 1,        77.882,  798, 1340, 1205,  6.1, 331,  8390, 0, 0, 1, 0, 0, 9,
RGI60-06.00306,G340145E64832N,20000820,-9999999, -19.855100000,  64.831600000, 6, 1,         9.449,  968, 1300, 1230, 11.4, 117,  4935, 0, 0, 1, 0, 0, 9,
RGI60-06.00307,G339747E64700N,20000820,-9999999, -20.253500000,  64.700400000, 6, 1,         2.927,  756, 1289, 1226, 11.9, 351,  3676, 0, 0, 1, 0, 0, 9,
RGI60-06.00308,G339403E64589N,20000820,-9999999, -20.597200000,  64.588900000, 6, 1,         2.371, 1092, 1412, 1253, 10.7, 180,  1848, 0, 0, 1, 0, 0, 9,
RGI60-06.00309,G339758E64571N,20000820,-9999999, -20.241700000,  64.571100000, 6, 1,       131.173,  468, 1340, 1104,  6.6, 176, 19874, 0, 0, 1, 0, 3, 1,Hagafellsjoekull East (Langjoekull S Dome)
RGI60-06.00310,G339969E64642N,20000820,-9999999, -20.031100000,  64.642300000, 6, 1,       157.045,  445, 1300, 1114, 12.3, 121, 17821, 0, 0, 1, 0, 0, 1,Langjoekull Ice Cap
RGI60-06.00311,G339471E64637N,20000820,-9999999, -20.528800000,  64.636900000, 6, 1,        41.287,  740, 1412, 1091,  9.3, 311,  8523, 0, 0, 1, 0, 0, 9,
RGI60-06.00312,G341529E64896N,19999999,-9999999, -18.471500000,  64.895500000, 6, 1,         0.179, 1026, 1300, 1222, 24.0,  33,   617, 0, 0, 0, 0, 0, 9,
RGI60-06.00313,G340459E63613N,20000828,-9999999, -19.541000000,  63.612500000, 6, 1,        15.730,  506, 1636, 1156, 11.2, 147,  6358, 0, 0, 1, 0, 0, 9,
RGI60-06.00314,G340511E63634N,20000828,-9999999, -19.488600000,  63.634400000, 6, 1,         3.882,  784, 1317, 1138, 11.2,  54,  1953, 0, 0, 1, 0, 0, 9,
RGI60-06.00315,G340285E63628N,20000828,-9999999, -19.714700000,  63.628200000, 6, 1,         1.635,  948, 1354, 1125,  9.1, 239,  2632, 0, 0, 1, 0, 0, 9,
RGI60-06.00316,G340423E63599N,20000828,-9999999, -19.577200000,  63.599400000, 6, 1,         1.088,  968, 1363, 1171, 14.6, 156,  1154, 0, 0, 1, 0, 0, 9,
RGI60-06.00317,G340379E63643N,20000828,-9999999, -19.620600000,  63.642800000, 6, 1,         7.841,  230, 1645, 1429, 14.7, 359,  6854, 0, 0, 1, 0, 0, 9,
RGI60-06.00318,G340491E63645N,20000828,-9999999, -19.509400000,  63.644800000, 6, 1,         2.982,  750, 1295, 1058, 12.1,  12,  2613, 0, 0, 1, 0, 0, 9,
RGI60-06.00319,G340318E63621N,20000828,-9999999, -19.681900000,  63.621200000, 6, 1,         7.534,  875, 1603, 1216, 11.5, 235,  4989, 0, 0, 1, 0, 0, 9,
RGI60-06.00320,G340292E63642N,20000828,-9999999, -19.708200000,  63.641700000, 6, 1,         5.974,  775, 1536, 1127,  9.9, 295,  5468, 0, 0, 1, 0, 0, 9,
RGI60-06.00321,G340395E63604N,20000828,-9999999, -19.605100000,  63.603900000, 6, 1,         4.249,  690, 1645, 1222, 15.3, 190,  4189, 0, 0, 1, 0, 0, 9,
RGI60-06.00322,G340340E63608N,20000828,-9999999, -19.659700000,  63.608300000, 6, 1,         3.421,  807, 1602, 1173, 12.4, 209,  3925, 0, 0, 1, 0, 0, 9,
RGI60-06.00323,G340412E63640N,20000828,-9999999, -19.588100000,  63.639500000, 6, 1,         3.414,  688, 1564, 1127, 18.1,  33,  3178, 0, 0, 1, 0, 0, 9,
RGI60-06.00324,G340367E63607N,20000828,-9999999, -19.632700000,  63.606900000, 6, 1,         4.637,  803, 1618, 1184, 13.8, 184,  4178, 0, 0, 1, 0, 0, 9,
RGI60-06.00325,G340338E63649N,20000828,-9999999, -19.662500000,  63.649100000, 6, 1,         6.510,  738, 1570, 1190, 16.5, 350,  3095, 0, 0, 0, 0, 0, 9,
RGI60-06.00326,G340445E63641N,20000828,-9999999, -19.554700000,  63.640900000, 6, 1,        10.889,  240, 1593, 1150, 13.6,   8,  6835, 0, 0, 1, 0, 0, 9,
RGI60-06.00327,G340338E63996N,20030716,-9999999, -19.661800000,  63.996400000, 6, 1,         0.176, 1161, 1458, 1329, 29.9, 344,   434, 0, 0, 0, 0, 0, 9,
RGI60-06.00328,G341024E63606N,19999999,-9999999, -18.975900000,  63.606000000, 6, 1,       145.022,  190, 1489, 1006,  8.9,  96, 22219, 0, 0, 1, 0, 0, 9,
RGI60-06.00329,G340665E63614N,19999999,-9999999, -19.335300000,  63.613500000, 6, 1,        18.064,  623, 1383, 1096,  9.6, 202,  7013, 0, 0, 1, 0, 0, 9,
RGI60-06.00330,G341007E63562N,19999999,-9999999, -18.993000000,  63.561500000, 6, 1,         7.130,  611, 1401,  964, 10.2, 128,  6488, 0, 0, 1, 0, 0, 9,
RGI60-06.00331,G340695E63697N,19999999,-9999999, -19.305300000,  63.697300000, 6, 1,         4.655,  703, 1374, 1210, 12.8, 296,  4765, 0, 0, 1, 0, 0, 9,
RGI60-06.00332,G340598E63636N,19999999,-9999999, -19.401700000,  63.635800000, 6, 1,         3.830,  750, 1195, 1059, 12.6, 335,  2835, 0, 0, 0, 0, 0, 9,
RGI60-06.00333,G340725E63687N,19999999,-9999999, -19.275200000,  63.686500000, 6, 1,         1.735,  994, 1381, 1322, 14.6, 271,  2762, 0, 0, 1, 0, 0, 9,
RGI60-06.00334,G340692E63664N,19999999,-9999999, -19.308000000,  63.663500000, 6, 1,         1.622,  864, 1422, 1305, 13.5, 275,  1995, 0, 0, 1, 0, 0, 9,
RGI60-06.00335,G340862E63556N,19999999,-9999999, -19.137700000,  63.555700000, 6, 1,         2.980,  779, 1424, 1056, 11.0, 190,  3661, 0, 0, 1, 0, 0, 9,
RGI60-06.00336,G341001E63741N,19999999,-9999999, -18.999400000,  63.740900000, 6, 1,       111.562,  461, 1375,  937,  5.5,  34, 13911, 0, 0, 1, 0, 3, 0,Oeldufellsjoekull
RGI60-06.00337,G340716E63706N,19999999,-9999999, -19.284300000,  63.705700000, 6, 1,         2.736,  776, 1370, 1239, 15.5, 328,  2718, 0, 0, 1, 0, 0, 9,
RGI60-06.00338,G340762E63569N,19999999,-9999999, -19.238200000,  63.568700000, 6, 1,         1.757,  837, 1121,  981,  9.2, 224,  2649, 0, 0, 1, 0, 0, 9,
RGI60-06.00339,G340809E63717N,19999999,-9999999, -19.190600000,  63.716800000, 6, 1,       106.223,  593, 1488, 1064,  9.6, 340, 14239, 0, 0, 1, 0, 3, 0,Slettjoekull West
RGI60-06.00340,G340765E63600N,19999999,-9999999, -19.235300000,  63.599600000, 6, 1,        55.095,  124, 1494, 1238,  8.2, 220, 16466, 0, 0, 1, 0, 0, 9,
RGI60-06.00341,G341014E63675N,19999999,-9999999, -18.986100000,  63.675400000, 6, 1,        43.199,  333, 1411, 1100,  7.9,  93, 15853, 0, 0, 1, 0, 0, 9,
RGI60-06.00342,G340826E63570N,19999999,-9999999, -19.174400000,  63.569800000, 6, 1,        22.132,  505, 1445, 1143,  9.8, 214,  8513, 0, 0, 1, 0, 0, 9,
RGI60-06.00343,G340692E63646N,19999999,-9999999, -19.308200000,  63.645900000, 6, 1,        18.071,  514, 1496, 1301, 12.1, 299,  7513, 0, 0, 1, 0, 0, 9,
RGI60-06.00344,G340953E63564N,19999999,-9999999, -19.046900000,  63.563800000, 6, 1,        12.414,  405, 1440, 1197, 12.2, 152,  5680, 0, 0, 1, 0, 0, 9,
RGI60-06.00345,G340906E63561N,19999999,-9999999, -19.093900000,  63.561000000, 6, 1,         9.343,  580, 1446, 1211, 14.0, 185,  4970, 0, 0, 1, 0, 0, 9,
RGI60-06.00346,G340702E63675N,19999999,-9999999, -19.297700000,  63.674700000, 6, 1,         8.659,  477, 1421, 1339, 13.2, 288,  5597, 0, 0, 1, 0, 0, 9,
RGI60-06.00347,G341054E63650N,19999999,-9999999, -18.946000000,  63.650100000, 6, 1,        20.386,  370, 1379,  863,  9.6,  86, 10381, 0, 0, 1, 0, 0, 9,
RGI60-06.00348,G340358E64004N,20030716,-9999999, -19.641600000,  64.003900000, 6, 1,         0.115,  969, 1192, 1062, 30.5, 343,   375, 0, 0, 0, 0, 0, 9,
RGI60-06.00349,G340442E63796N,20030716,-9999999, -19.557600000,  63.796000000, 6, 1,         4.835,  738, 1440, 1114, 12.3,  73,  4418, 0, 0, 0, 0, 0, 9,
RGI60-06.00350,G340413E63783N,20030716,-9999999, -19.587300000,  63.782500000, 6, 1,         2.324, 1038, 1440, 1176, 10.1, 175,  1983, 0, 0, 1, 0, 0, 9,
RGI60-06.00351,G340402E63810N,20030716,-9999999, -19.598000000,  63.809900000, 6, 1,         1.040,  900, 1233, 1066, 14.9, 351,  1741, 0, 0, 0, 0, 0, 9,
RGI60-06.00352,G340394E63800N,20030716,-9999999, -19.606100000,  63.799500000, 6, 1,         1.217,  935, 1244, 1130,  9.7, 287,  2213, 0, 0, 1, 0, 0, 9,
RGI60-06.00353,G340400E63804N,20030716,-9999999, -19.599600000,  63.803900000, 6, 1,         0.094, 1133, 1234, 1178, 10.1, 255,   460, 0, 0, 0, 0, 0, 9,
RGI60-06.00354,G340439E63815N,20030716,-9999999, -19.560600000,  63.814600000, 6, 1,         1.015,  840, 1276, 1116, 15.3, 352,  1760, 0, 0, 0, 0, 0, 9,
RGI60-06.00355,G340390E63782N,20030716,-9999999, -19.610300000,  63.781500000, 6, 1,         0.553, 1025, 1231, 1168, 10.2, 243,   681, 0, 0, 0, 0, 0, 9,
RGI60-06.00356,G340426E63815N,20030716,-9999999, -19.574100000,  63.815100000, 6, 1,         0.621,  835, 1239, 1043, 15.3, 350,  1729, 0, 0, 0, 0, 0, 9,
RGI60-06.00357,G340440E63786N,20030716,-9999999, -19.560000000,  63.786300000, 6, 1,         0.060, 1330, 1443, 1387, 19.1, 129,   549, 0, 0, 0, 0, 0, 9,
RGI60-06.00358,G340448E63786N,20030716,-9999999, -19.551700000,  63.786100000, 6, 1,         0.107, 1194, 1418, 1372, 30.4,  70,   577, 0, 0, 0, 0, 0, 9,
RGI60-06.00359,G340384E63792N,20030716,-9999999, -19.616400000,  63.791900000, 6, 1,         2.783,  860, 1256, 1132, 11.8, 308,  2959, 0, 0, 1, 0, 0, 9,
RGI60-06.00360,G340880E63880N,19999999,-9999999, -19.120100000,  63.880100000, 6, 1,         0.183,  974, 1127, 1062, 17.2, 240,   678, 0, 0, 0, 0, 0, 9,
RGI60-06.00361,G340889E63894N,19999999,-9999999, -19.110600000,  63.894300000, 6, 1,         0.075, 1011, 1211, 1108, 27.1,  58,   535, 0, 0, 0, 0, 0, 9,
RGI60-06.00362,G340862E63892N,19999999,-9999999, -19.138300000,  63.891800000, 6, 1,         1.372,  988, 1207, 1119, 10.3, 266,  1761, 0, 0, 0, 0, 0, 9,
RGI60-06.00363,G340883E63887N,19999999,-9999999, -19.117200000,  63.887200000, 6, 1,         0.232, 1038, 1165, 1111, 11.3,  44,   834, 0, 0, 0, 0, 0, 9,
RGI60-06.00364,G340873E63899N,19999999,-9999999, -19.127200000,  63.898700000, 6, 1,         0.616, 1008, 1226, 1090, 17.8,   2,  1216, 0, 0, 0, 0, 0, 9,
RGI60-06.00365,G340999E63903N,19999999,-9999999, -19.000900000,  63.903400000, 6, 1,         5.623,  889, 1165, 1035, 11.1, 350,  3021, 0, 0, 1, 0, 0, 9,
RGI60-06.00366,G341034E63898N,19999999,-9999999, -18.966100000,  63.897700000, 6, 1,         1.222,  972, 1160, 1065, 13.4,  35,  1659, 0, 0, 0, 0, 0, 9,
RGI60-06.00367,G341023E63890N,19999999,-9999999, -18.977400000,  63.889800000, 6, 1,         0.082, 1057, 1160, 1142, 16.4, 168,   358, 0, 0, 0, 0, 0, 9,
RGI60-06.00368,G341004E63888N,19999999,-9999999, -18.996300000,  63.888100000, 6, 1,         0.472, 1136, 1180, 1160, 10.0,  79,   595, 0, 0, 0, 0, 0, 9,
RGI60-06.00369,G340971E63890N,19999999,-9999999, -19.029100000,  63.890400000, 6, 1,         3.552,  931, 1179, 1056,  8.9, 277,  2977, 0, 0, 0, 0, 0, 9,
RGI60-06.00370,G341100E63937N,19999999,-9999999, -18.900000000,  63.937400000, 6, 1,         0.102, 1005, 1072, 1037, 21.5,  67,   347, 0, 0, 0, 0, 0, 9,
RGI60-06.00371,G341050E63943N,19999999,-9999999, -18.950500000,  63.942800000, 6, 1,         0.093, 1042, 1119, 1092, 22.5,  49,   334, 0, 0, 0, 0, 0, 9,
RGI60-06.00372,G343896E64172N,20009999,-9999999, -16.103600000,  64.171900000, 6, 1,         0.394,  780, 1090,  963, 29.4, 337,   564, 0, 0, 0, 0, 0, 9,
RGI60-06.00373,G344585E64506N,20009999,-9999999, -15.414900000,  64.506100000, 6, 1,         0.189,  985, 1140, 1105, 21.5,  32,   559, 0, 0, 0, 0, 0, 9,
RGI60-06.00374,G344658E64524N,20009999,-9999999, -15.342100000,  64.524000000, 6, 1,         0.308, 1043, 1208, 1124, 18.2,  19,   579, 0, 0, 0, 0, 0, 9,
RGI60-06.00375,G344768E64539N,20009999,-9999999, -15.232300000,  64.538900000, 6, 1,         0.363, 1051, 1289, 1111, 25.0,  43,   603, 0, 0, 0, 0, 0, 9,
RGI60-06.00376,G344775E64533N,20009999,-9999999, -15.224900000,  64.533300000, 6, 1,         0.109, 1087, 1220, 1183, 31.5,  82,   305, 0, 0, 0, 0, 0, 9,
RGI60-06.00377,G343733E64587N,20009999,-9999999, -16.267500000,  64.586700000, 6, 1,      1428.724,  649, 1810, 1283,  3.0,  19, 57016, 0, 0, 1, 0, 3, 1,Bruarjoekull
RGI60-06.00378,G343786E64195N,20009999,-9999999, -16.214000000,  64.195100000, 6, 1,         0.818,  854, 1191, 1042, 20.1, 288,  1225, 0, 0, 0, 0, 0, 9,
RGI60-06.00379,G344346E64423N,20009999,-9999999, -15.653600000,  64.422900000, 6, 1,         0.627,  921, 1140, 1044, 16.6,  38,   717, 0, 0, 0, 0, 0, 9,
RGI60-06.00380,G343386E64642N,20009999,-9999999, -16.614100000,  64.641700000, 6, 1,         0.719, 1547, 1908, 1756, 14.7, 126,   869, 0, 0, 0, 0, 0, 9,
RGI60-06.00381,G344265E64362N,20009999,-9999999, -15.734800000,  64.361900000, 6, 1,         0.065,  954, 1051,  991, 26.5, 129,   285, 0, 0, 0, 0, 0, 9,
RGI60-06.00382,G344084E64244N,20009999,-9999999, -15.916100000,  64.243900000, 6, 1,         0.404,  912, 1176, 1054, 20.0, 118,   766, 0, 0, 0, 0, 0, 9,
RGI60-06.00383,G344104E64248N,20009999,-9999999, -15.896100000,  64.248200000, 6, 1,         0.467,  933, 1306, 1080, 14.5, 155,   639, 0, 0, 0, 0, 0, 9,
RGI60-06.00384,G343839E64229N,20009999,-9999999, -16.160600000,  64.229100000, 6, 1,         0.504,  821, 1276, 1053, 28.6,  89,   855, 0, 0, 0, 0, 0, 9,
RGI60-06.00385,G344158E64373N,20009999,-9999999, -15.841700000,  64.373200000, 6, 1,         0.547,  928, 1211, 1061, 17.3, 135,  1125, 0, 0, 0, 0, 0, 9,
RGI60-06.00386,G343015E64123N,20009999,-9999999, -16.985300000,  64.122700000, 6, 1,         0.092, 1100, 1250, 1175, 18.5, 200,   391, 0, 0, 0, 0, 0, 9,
RGI60-06.00387,G342672E64397N,20009999,-9999999, -17.327800000,  64.396800000, 6, 1,         0.174, 1602, 1688, 1646, 30.9, 185,   300, 0, 0, 0, 0, 0, 9,
RGI60-06.00388,G344661E64540N,20009999,-9999999, -15.339000000,  64.540200000, 6, 1,         0.651,  886, 1281, 1031, 14.8,  95,  1317, 0, 0, 0, 0, 0, 9,
RGI60-06.00389,G344109E64366N,20009999,-9999999, -15.891300000,  64.365700000, 6, 1,         0.455, 1041, 1401, 1238, 14.9, 136,  1528, 0, 0, 0, 0, 0, 9,
RGI60-06.00390,G344074E64238N,20009999,-9999999, -15.926000000,  64.238300000, 6, 1,         0.192,  937, 1123, 1010, 22.6, 132,   588, 0, 0, 0, 0, 0, 9,
RGI60-06.00391,G344073E64243N,20009999,-9999999, -15.927000000,  64.242500000, 6, 1,         0.142, 1062, 1258, 1139, 21.3, 137,   482, 0, 0, 0, 0, 0, 9,
RGI60-06.00392,G343857E64221N,20009999,-9999999, -16.143200000,  64.220900000, 6, 1,         0.451,  761, 1416, 1077, 29.6,  29,  1250, 0, 0, 0, 0, 0, 9,
RGI60-06.00393,G344045E64247N,20009999,-9999999, -15.954700000,  64.247100000, 6, 1,         0.354,  886, 1182, 1044, 23.1, 211,   562, 0, 0, 0, 0, 0, 9,
RGI60-06.00394,G344044E64251N,20009999,-9999999, -15.955900000,  64.250800000, 6, 1,         0.254, 1160, 1383, 1240, 14.5, 180,   478, 0, 0, 0, 0, 0, 9,
RGI60-06.00395,G343874E64181N,20009999,-9999999, -16.126100000,  64.180800000, 6, 1,         0.297,  888, 1100,  994, 22.9,  68,   680, 0, 0, 0, 0, 0, 9,
RGI60-06.00396,G343984E64260N,20009999,-9999999, -16.016500000,  64.260100000, 6, 1,         0.272, 1126, 1350, 1275, 17.0, 266,   469, 0, 0, 0, 0, 0, 9,
RGI60-06.00397,G343838E64259N,20009999,-9999999, -16.162200000,  64.259300000, 6, 1,         0.252,  916, 1139, 1045, 13.6, 191,   988, 0, 0, 0, 0, 0, 9,
RGI60-06.00398,G344060E64244N,20009999,-9999999, -15.940200000,  64.243500000, 6, 1,         0.179,  970, 1260, 1134, 27.2, 238,   582, 0, 0, 0, 0, 0, 9,
RGI60-06.00399,G343035E64122N,20009999,-9999999, -16.965400000,  64.122400000, 6, 1,         0.241, 1089, 1400, 1264, 23.4, 196,   214, 0, 0, 0, 0, 0, 9,
RGI60-06.00400,G343395E64648N,20009999,-9999999, -16.605500000,  64.647600000, 6, 1,         0.133, 1659, 1857, 1764, 18.4, 110,   451, 0, 0, 0, 0, 0, 9,
RGI60-06.00401,G343849E64222N,20009999,-9999999, -16.150900000,  64.222000000, 6, 1,         0.100,  889, 1308, 1119, 35.7,  35,   566, 0, 0, 0, 0, 0, 9,
RGI60-06.00402,G342963E64118N,20009999,-9999999, -17.037200000,  64.118200000, 6, 1,         0.138, 1037, 1220, 1110, 28.6, 131,   431, 0, 0, 0, 0, 0, 9,
RGI60-06.00403,G344081E64335N,20009999,-9999999, -15.919400000,  64.335300000, 6, 1,         0.818,  938, 1316, 1145, 22.6,  67,  1109, 0, 0, 0, 0, 0, 9,
RGI60-06.00404,G343056E64121N,20009999,-9999999, -16.943800000,  64.120500000, 6, 1,         0.160, 1213, 1361, 1310, 15.5, 188,   340, 0, 0, 0, 0, 0, 9,
RGI60-06.00405,G343786E64191N,20009999,-9999999, -16.214000000,  64.190900000, 6, 1,         0.062, 1021, 1136, 1068, 19.7, 177,   152, 0, 0, 0, 0, 0, 9,
RGI60-06.00406,G343471E63994N,20009999,-9999999, -16.529000000,  63.994400000, 6, 1,         4.319,  530, 1571,  942, 15.5,  89,  3967, 0, 0, 0, 0, 0, 9,
RGI60-06.00407,G343452E64032N,20009999,-9999999, -16.547600000,  64.032400000, 6, 1,        63.469,   24, 2030, 1187, 11.7,  95, 15618, 0, 0, 0, 0, 0, 9,
RGI60-06.00408,G344658E64603N,20009999,-9999999, -15.342100000,  64.602900000, 6, 1,        30.587,  448, 1552, 1056, 10.3,  75, 12720, 0, 0, 0, 0, 0, 9,
RGI60-06.00409,G343357E64676N,20009999,-9999999, -16.643400000,  64.675700000, 6, 1,        26.100,  987, 1889, 1657,  9.6, 347, 11182, 0, 0, 0, 0, 0, 9,
RGI60-06.00410,G342504E64687N,20009999,-9999999, -17.496500000,  64.686900000, 6, 1,        28.767, 1081, 2000, 1582,  8.7, 333,  9351, 0, 0, 0, 0, 0, 9,
RGI60-06.00411,G344620E64636N,20009999,-9999999, -15.380400000,  64.635800000, 6, 1,        22.231,  635, 1548, 1091,  9.8,  52,  9161, 0, 0, 1, 0, 0, 9,
RGI60-06.00412,G344287E64457N,20009999,-9999999, -15.713100000,  64.457500000, 6, 1,        29.902,  239, 1441, 1124,  9.7,  85, 13867, 0, 0, 1, 0, 0, 9,
RGI60-06.00413,G344573E64652N,20009999,-9999999, -15.427200000,  64.651600000, 6, 1,        12.524,  841, 1418, 1135,  8.6,  39,  6832, 0, 0, 1, 0, 0, 9,
RGI60-06.00414,G344648E64558N,20009999,-9999999, -15.352200000,  64.558500000, 6, 1,         8.798,  702, 1531, 1123, 12.8,  98,  5911, 0, 0, 1, 0, 0, 9,
RGI60-06.00415,G342376E64638N,20009999,-9999999, -17.624300000,  64.638300000, 6, 1,         8.953, 1288, 2000, 1536,  9.5, 282,  5696, 0, 0, 0, 0, 0, 9,
RGI60-06.00416,G342298E64282N,20009999,-9999999, -17.702100000,  64.282000000, 6, 1,       757.308,  607, 1701, 1233,  3.1, 220, 51856, 0, 0, 1, 0, 3, 9,Sidujoekull/Skaftarjoekull
RGI60-06.00417,G343870E64179N,20009999,-9999999, -16.129700000,  64.179100000, 6, 1,         0.096,  936, 1086, 1012, 21.3, 192,   440, 0, 0, 0, 0, 0, 9,
RGI60-06.00418,G343847E64185N,20009999,-9999999, -16.153100000,  64.185300000, 6, 1,         7.056,  502, 1503, 1058, 10.1, 171,  5518, 0, 0, 1, 0, 0, 9,
RGI60-06.00419,G344689E64581N,20009999,-9999999, -15.310700000,  64.581200000, 6, 1,         0.118,  948, 1040,  988, 17.2, 171,   327, 0, 0, 0, 0, 0, 9,
RGI60-06.00420,G344711E64584N,20009999,-9999999, -15.289000000,  64.583500000, 6, 1,         0.254, 1018, 1131, 1081, 15.3, 168,   457, 0, 0, 0, 0, 0, 9,
RGI60-06.00421,G344661E64581N,20009999,-9999999, -15.338600000,  64.580500000, 6, 1,         5.051,  788, 1484, 1151, 14.8, 111,  3841, 0, 0, 0, 0, 0, 9,
RGI60-06.00422,G344523E64659N,20009999,-9999999, -15.476700000,  64.659300000, 6, 1,         6.052,  891, 1365, 1169, 10.4,  23,  4013, 0, 0, 1, 0, 0, 9,
RGI60-06.00423,G343399E63963N,20009999,-9999999, -16.601000000,  63.963300000, 6, 1,         5.543,  226, 1831, 1177, 15.7, 131,  7048, 0, 0, 1, 0, 0, 9,
RGI60-06.00424,G342283E64563N,20009999,-9999999, -17.717400000,  64.562800000, 6, 1,       319.463,  943, 2000, 1400,  4.5, 280, 28541, 0, 0, 1, 0, 3, 1,Koeldukvislarjoekull
RGI60-06.00425,G343305E63970N,20009999,-9999999, -16.695500000,  63.969700000, 6, 1,         7.119,  247, 1842, 1256, 15.0, 223,  5930, 0, 0, 1, 0, 0, 9,
RGI60-06.00426,G343368E63947N,20009999,-9999999, -16.632000000,  63.947000000, 6, 1,         0.069,  989, 1079, 1034, 14.2, 151,   326, 0, 0, 0, 0, 0, 9,
RGI60-06.00427,G343376E63957N,20009999,-9999999, -16.624400000,  63.956500000, 6, 1,         4.916,  408, 1826, 1199, 14.9, 158,  5130, 0, 0, 1, 0, 0, 9,
RGI60-06.00428,G343316E63958N,20009999,-9999999, -16.683700000,  63.958300000, 6, 1,         4.499,  424, 1818, 1144, 14.8, 229,  4282, 0, 0, 1, 0, 0, 9,
RGI60-06.00429,G343347E63960N,20009999,-9999999, -16.653300000,  63.959700000, 6, 1,         6.146,  795, 1845, 1251, 13.0, 182,  4944, 0, 0, 1, 0, 0, 9,
RGI60-06.00430,G343817E64187N,20009999,-9999999, -16.183100000,  64.187100000, 6, 1,         3.438,  643, 1221, 1012, 13.3, 206,  3276, 0, 0, 1, 0, 0, 9,
RGI60-06.00431,G343906E64280N,20009999,-9999999, -16.094000000,  64.280400000, 6, 1,         4.219,  535, 1360, 1248, 14.7, 164,  3122, 0, 0, 1, 0, 0, 9,
RGI60-06.00432,G343902E64208N,20009999,-9999999, -16.097900000,  64.207600000, 6, 1,         0.212,  898, 1053, 1007, 26.9,  29,   429, 0, 0, 0, 0, 0, 9,
RGI60-06.00433,G343886E64210N,20009999,-9999999, -16.113700000,  64.210500000, 6, 1,         0.424,  844, 1210,  982, 25.1,  33,   775, 0, 0, 0, 0, 0, 9,
RGI60-06.00434,G343870E64216N,20009999,-9999999, -16.129700000,  64.215500000, 6, 1,         1.757,  382, 1514,  957, 26.4,  37,  2233, 0, 0, 0, 0, 0, 9,
RGI60-06.00435,G344126E64372N,20009999,-9999999, -15.874200000,  64.371800000, 6, 1,         3.700,  764, 1404, 1197, 14.1, 136,  1647, 0, 0, 0, 0, 0, 9,
RGI60-06.00436,G343470E63983N,20009999,-9999999, -16.529900000,  63.983200000, 6, 1,         2.112,  723, 1297,  939, 14.6, 108,  2650, 0, 0, 0, 0, 0, 9,
RGI60-06.00437,G343150E64101N,20009999,-9999999, -16.849800000,  64.100600000, 6, 1,         2.022,  670, 1332, 1157, 15.3, 266,  2840, 0, 0, 1, 0, 0, 9,
RGI60-06.00438,G344388E64460N,20009999,-9999999, -15.611600000,  64.460300000, 6, 1,         0.220,  607,  814,  697, 21.9, 108,   697, 0, 0, 0, 0, 0, 9,
RGI60-06.00439,G344487E64661N,20009999,-9999999, -15.513400000,  64.660900000, 6, 1,         2.929,  940, 1370, 1173, 11.4, 344,  3011, 0, 0, 0, 0, 0, 9,
RGI60-06.00440,G343301E64671N,20009999,-9999999, -16.699000000,  64.670700000, 6, 1,         2.505, 1185, 1827, 1700, 14.8, 344,  2059, 0, 0, 0, 0, 0, 9,
RGI60-06.00441,G344182E64376N,20009999,-9999999, -15.818000000,  64.375900000, 6, 1,         1.832,  821, 1199, 1019, 12.8, 148,  2224, 0, 0, 0, 0, 0, 9,
RGI60-06.00442,G344328E64418N,20009999,-9999999, -15.672200000,  64.417900000, 6, 1,         1.599,  768, 1192, 1022, 16.8, 137,  1398, 0, 0, 0, 0, 0, 9,
RGI60-06.00443,G342073E64348N,20009999,-9999999, -17.927000000,  64.347500000, 6, 1,       271.069,  761, 1674, 1159,  2.9, 248, 46055, 0, 0, 1, 0, 3, 1,Tungnaarjoekull
RGI60-06.00444,G344547E64513N,20009999,-9999999, -15.452700000,  64.513500000, 6, 1,         1.761,  931, 1285, 1129, 14.3, 236,  1820, 0, 0, 0, 0, 0, 9,
RGI60-06.00445,G343264E63991N,20009999,-9999999, -16.736200000,  63.990500000, 6, 1,        16.734,  141, 2077, 1141, 16.0, 247, 10571, 0, 0, 0, 0, 0, 9,
RGI60-06.00446,G343410E64680N,20009999,-9999999, -16.589600000,  64.680200000, 6, 1,         2.040, 1266, 1773, 1593, 19.7,  77,  1729, 0, 0, 0, 0, 0, 9,
RGI60-06.00447,G343955E64269N,20009999,-9999999, -16.045100000,  64.268500000, 6, 1,         1.807,  728, 1259, 1198, 14.8, 207,  1887, 0, 0, 0, 0, 0, 9,
RGI60-06.00448,G343870E64196N,20009999,-9999999, -16.130400000,  64.195700000, 6, 1,         1.740,  798, 1355, 1039, 19.2, 129,  2463, 0, 0, 0, 0, 0, 9,
RGI60-06.00449,G343221E64043N,20009999,-9999999, -16.779000000,  64.042600000, 6, 1,         0.068,  976, 1157, 1030, 20.0, 178,   720, 0, 0, 0, 0, 0, 9,
RGI60-06.00450,G343240E64044N,20009999,-9999999, -16.759600000,  64.044100000, 6, 1,         1.595,  598, 1858, 1365, 28.2, 238,  2547, 0, 0, 0, 0, 0, 9,
RGI60-06.00451,G343887E64203N,20009999,-9999999, -16.112600000,  64.202600000, 6, 1,         1.223,  860, 1252,  989, 17.7, 141,  1448, 0, 0, 0, 0, 0, 9,
RGI60-06.00452,G344220E64375N,20009999,-9999999, -15.780300000,  64.374600000, 6, 1,         0.237, 1092, 1199, 1123, 14.3, 262,   620, 0, 0, 0, 0, 0, 9,
RGI60-06.00453,G343288E63980N,20009999,-9999999, -16.711600000,  63.979800000, 6, 1,         4.502,  599, 1847, 1324, 14.1, 253,  5349, 0, 0, 1, 0, 0, 9,
RGI60-06.00454,G343411E64668N,20009999,-9999999, -16.589200000,  64.667800000, 6, 1,         1.107, 1294, 1790, 1667, 16.1, 103,  1870, 0, 0, 1, 0, 0, 9,
RGI60-06.00455,G343830E64237N,20009999,-9999999, -16.170000000,  64.237300000, 6, 1,         1.034,  875, 1331, 1054, 21.9,  38,  1082, 0, 0, 0, 0, 0, 9,
RGI60-06.00456,G342170E64488N,20009999,-9999999, -17.830000000,  64.488000000, 6, 1,         0.684, 1150, 1536, 1411, 22.2, 283,   975, 0, 0, 0, 0, 0, 9,
RGI60-06.00457,G343205E64053N,20009999,-9999999, -16.795300000,  64.053000000, 6, 1,         0.836, 1103, 1513, 1311, 15.5, 235,   582, 0, 0, 0, 0, 0, 9,
RGI60-06.00458,G343820E64162N,20009999,-9999999, -16.180500000,  64.161800000, 6, 1,         0.706,  818, 1099,  976, 16.5, 315,  1003, 0, 0, 0, 0, 0, 9,
RGI60-06.00459,G343829E64166N,20009999,-9999999, -16.171400000,  64.166000000, 6, 1,         0.057,  935, 1087,  951, 16.5, 320,   357, 0, 0, 0, 0, 0, 9,
RGI60-06.00460,G343223E64048N,20009999,-9999999, -16.776600000,  64.047900000, 6, 1,         0.983,  707, 1755, 1199, 21.4, 244,  2315, 0, 0, 0, 0, 0, 9,
RGI60-06.00461,G343368E64632N,20009999,-9999999, -16.632200000,  64.631600000, 6, 1,         0.809, 1576, 1865, 1771, 14.0, 133,   652, 0, 0, 0, 0, 0, 9,
RGI60-06.00462,G344309E64420N,20009999,-9999999, -15.690800000,  64.420100000, 6, 1,         0.871,  944, 1204, 1081, 12.3, 202,  1816, 0, 0, 0, 0, 0, 9,
RGI60-06.00463,G344207E64382N,20009999,-9999999, -15.793000000,  64.382000000, 6, 1,         0.101, 1112, 1259, 1207, 19.9,  81,   359, 0, 0, 0, 0, 0, 9,
RGI60-06.00464,G342721E64022N,20009999,-9999999, -17.279400000,  64.022400000, 6, 1,         0.176,  339,  378,  357,  6.7, 178,   853, 0, 0, 0, 0, 0, 9,
RGI60-06.00465,G344143E64422N,20009999,-9999999, -15.856900000,  64.422000000, 6, 1,       212.267,   74, 1525, 1280,  6.1, 123, 31183, 0, 0, 1, 0, 0, 9,
RGI60-06.00466,G344344E64519N,20009999,-9999999, -15.656000000,  64.519100000, 6, 1,       240.050,   58, 1504, 1196,  4.2, 138, 28814, 0, 0, 1, 0, 0, 9,
RGI60-06.00467,G344020E64252N,20009999,-9999999, -15.980200000,  64.251700000, 6, 1,         0.569,  843, 1383, 1307, 16.4, 145,   979, 0, 0, 0, 0, 0, 9,
RGI60-06.00468,G343870E64276N,20009999,-9999999, -16.130200000,  64.275800000, 6, 1,         9.924,  222, 1336, 1223, 12.0, 187,  4708, 0, 0, 0, 0, 0, 9,
RGI60-06.00469,G344227E64362N,20009999,-9999999, -15.773500000,  64.362300000, 6, 1,         0.787,  936, 1262, 1098, 20.3, 261,   683, 0, 0, 0, 0, 0, 9,
RGI60-06.00470,G344582E64548N,20009999,-9999999, -15.418300000,  64.548200000, 6, 1,        38.496,  206, 1519, 1110, 11.1, 163, 15140, 0, 0, 0, 0, 0, 9,
RGI60-06.00471,G344070E64347N,20009999,-9999999, -15.930500000,  64.346800000, 6, 1,        93.266,   65, 1526, 1228, 10.1, 113, 23340, 0, 0, 1, 0, 0, 9,
RGI60-06.00472,G344392E64628N,20009999,-9999999, -15.608300000,  64.628400000, 6, 1,       129.639,  781, 1542, 1161,  6.2, 354, 18985, 0, 0, 0, 0, 2, 1,Eyjabakkajoekull
RGI60-06.00473,G342214E64455N,20009999,-9999999, -17.785900000,  64.455100000, 6, 1,       181.416,  913, 1885, 1364,  4.3, 263, 30558, 0, 0, 1, 0, 3, 0,Sylgjujoekull
RGI60-06.00474,G343259E64027N,20009999,-9999999, -16.741400000,  64.026700000, 6, 1,        32.229,  101, 2068, 1411, 13.9, 260, 12889, 0, 0, 0, 0, 0, 9,
RGI60-06.00475,G342858E64298N,20009999,-9999999, -17.141700000,  64.297700000, 6, 1,      1561.218,  111, 1957, 1339,  7.3, 201, 61535, 0, 0, 1, 0, 3, 0,Skeidararjoekull
RGI60-06.00476,G343411E63985N,20009999,-9999999, -16.588900000,  63.984500000, 6, 1,        25.754,   43, 2087, 1540, 12.7, 138, 14190, 0, 0, 1, 0, 0, 9,
RGI60-06.00477,G342946E64674N,20009999,-9999999, -17.053900000,  64.674500000, 6, 1,      1060.639,  752, 2000, 1440,  4.9,  26, 45502, 0, 0, 1, 0, 3, 1,Dyngjujoekull
RGI60-06.00478,G344015E64304N,20009999,-9999999, -15.984700000,  64.303700000, 6, 1,       137.057,   60, 1524, 1196,  7.3, 128, 26747, 0, 0, 1, 0, 0, 9,
RGI60-06.00479,G343218E64096N,20009999,-9999999, -16.782300000,  64.096300000, 6, 1,        90.482,   99, 1892, 1304,  8.4, 233, 20508, 0, 0, 1, 0, 0, 9,
RGI60-06.00480,G342461E64666N,20009999,-9999999, -17.539100000,  64.665900000, 6, 1,        10.496, 1264, 2000, 1826, 10.7, 342,  6239, 0, 0, 1, 0, 0, 9,
RGI60-06.00481,G343139E64130N,20009999,-9999999, -16.861300000,  64.130300000, 6, 1,        30.442,  181, 1422, 1267,  8.2, 229, 11556, 0, 0, 1, 0, 0, 9,
RGI60-06.00482,G343399E64654N,20009999,-9999999, -16.600800000,  64.653900000, 6, 1,         1.276, 1259, 1858, 1717, 16.5,  89,  1792, 0, 0, 0, 0, 0, 9,
RGI60-06.00483,G343523E64267N,20009999,-9999999, -16.476700000,  64.266600000, 6, 1,      1067.745,   97, 1878, 1334,  9.0, 135, 53427, 0, 0, 1, 0, 3, 9,Breidamerkurjoekull
RGI60-06.00484,G344635E64474N,20009999,-9999999, -15.365500000,  64.474300000, 6, 1,         0.757,  947, 1253, 1114, 24.9,  22,   726, 0, 0, 0, 0, 0, 9,
RGI60-06.00485,G344641E64469N,20009999,-9999999, -15.358700000,  64.469200000, 6, 1,         0.095, 1141, 1241, 1194, 18.6, 212,   255, 0, 0, 0, 0, 0, 9,
RGI60-06.00486,G344650E64471N,20009999,-9999999, -15.350000000,  64.471200000, 6, 1,         0.082, 1123, 1241, 1191, 18.8, 100,   441, 0, 0, 0, 0, 0, 9,
RGI60-06.00487,G345055E64521N,20030826,-9999999, -14.944600000,  64.521300000, 6, 1,         2.693,  692, 1294, 1037, 17.6,  20,  1993, 0, 0, 0, 0, 0, 9,
RGI60-06.00488,G345041E64512N,20030826,-9999999, -14.959000000,  64.511900000, 6, 1,         0.070, 1073, 1226, 1176, 23.8, 149,   325, 0, 0, 0, 0, 0, 9,
RGI60-06.00489,G345051E64513N,20030826,-9999999, -14.949500000,  64.513100000, 6, 1,         0.144, 1029, 1199, 1115, 28.8, 134,   565, 0, 0, 0, 0, 0, 9,
RGI60-06.00490,G345048E64515N,20030826,-9999999, -14.951900000,  64.515400000, 6, 1,         0.095, 1149, 1283, 1200, 23.1, 138,   190, 0, 0, 0, 0, 0, 9,
RGI60-06.00491,G345024E64518N,20030826,-9999999, -14.975900000,  64.518300000, 6, 1,         0.272,  952, 1270, 1090, 24.3, 299,   767, 0, 0, 0, 0, 0, 9,
RGI60-06.00492,G345028E64513N,20030826,-9999999, -14.972000000,  64.512500000, 6, 1,         0.470,  881, 1162,  984, 20.5, 218,   830, 0, 0, 0, 0, 0, 9,
RGI60-06.00493,G345025E64516N,20030826,-9999999, -14.974600000,  64.516300000, 6, 1,         0.054, 1053, 1271, 1124, 23.4, 208,   680, 0, 0, 0, 0, 0, 9,
RGI60-06.00494,G345036E64516N,20030826,-9999999, -14.964000000,  64.515800000, 6, 1,         0.071, 1162, 1295, 1249, 26.6, 224,   202, 0, 0, 0, 0, 0, 9,
RGI60-06.00495,G346082E65162N,20030826,-9999999, -13.917600000,  65.161700000, 6, 1,         0.132,  869, 1055,  986, 38.0, 354,   261, 0, 0, 0, 0, 0, 9,
RGI60-06.00496,G346054E65423N,20030826,-9999999, -13.946000000,  65.423400000, 6, 1,         0.114,  861,  979,  939, 21.1,  25,   301, 0, 0, 0, 0, 0, 9,
RGI60-06.00497,G344997E64582N,20030826,-9999999, -15.003400000,  64.582400000, 6, 1,         0.587,  980, 1152, 1075, 13.4, 301,  1205, 0, 0, 0, 0, 0, 9,
RGI60-06.00498,G346046E65505N,20030826,-9999999, -13.954100000,  65.504600000, 6, 1,         0.450,  604,  877,  704, 18.3, 302,   839, 0, 0, 0, 0, 0, 9,
RGI60-06.00499,G346061E65513N,20030826,-9999999, -13.938600000,  65.513100000, 6, 1,         0.386,  594,  964,  719, 24.3,  73,   855, 0, 0, 0, 0, 0, 9,
RGI60-06.00500,G346075E65520N,20030826,-9999999, -13.925000000,  65.520400000, 6, 1,         0.263,  653,  827,  733, 21.5, 171,   570, 0, 0, 0, 0, 0, 9,
RGI60-06.00501,G346057E65524N,20030826,-9999999, -13.943000000,  65.523600000, 6, 1,         0.097,  647,  883,  758, 30.1, 341,   404, 0, 0, 0, 0, 0, 9,
RGI60-06.00502,G346083E65526N,20030826,-9999999, -13.917200000,  65.526000000, 6, 1,         0.059,  793,  994,  894, 48.1,  23,   226, 0, 0, 0, 0, 0, 9,
RGI60-06.00503,G345218E65580N,20030915,-9999999, -14.782300000,  65.579700000, 6, 1,         0.243, 1154, 1243, 1213, 21.0,  20,   522, 0, 0, 0, 0, 0, 9,
RGI60-06.00504,G344989E64553N,20030826,-9999999, -15.010700000,  64.552700000, 6, 1,         0.636,  954, 1182, 1104, 19.5, 252,   720, 0, 0, 0, 0, 0, 9,
RGI60-06.00505,G345000E64558N,20030826,-9999999, -14.999700000,  64.558300000, 6, 1,         0.217,  915, 1184, 1066, 25.6,  61,   586, 0, 0, 0, 0, 0, 9,
RGI60-06.00506,G345009E64543N,20030826,-9999999, -14.991400000,  64.542700000, 6, 1,         0.106,  929, 1100, 1038, 23.4, 233,   257, 0, 0, 0, 0, 0, 9,
RGI60-06.00507,G345007E64547N,20030826,-9999999, -14.993000000,  64.547100000, 6, 1,         0.321,  947, 1174, 1068, 23.5,  61,   572, 0, 0, 0, 0, 0, 9,
RGI60-06.00508,G345219E65589N,20030915,-9999999, -14.781000000,  65.588600000, 6, 1,         0.072,  980, 1228, 1106, 23.0, 303,   391, 0, 0, 0, 0, 0, 9,
RGI60-06.00509,G345230E65607N,20030915,-9999999, -14.770000000,  65.606900000, 6, 1,         0.173, 1075, 1228, 1207, 19.8, 300,   564, 0, 0, 0, 0, 0, 9,
RGI60-06.00510,G345231E65619N,20030915,-9999999, -14.768700000,  65.619400000, 6, 1,         0.519, 1084, 1187, 1160, 18.7,  35,  1106, 0, 0, 0, 0, 0, 9,
RGI60-06.00511,G345248E65632N,20030915,-9999999, -14.752500000,  65.632000000, 6, 1,         0.446, 1025, 1159, 1122, 20.5,  68,   812, 0, 0, 0, 0, 0, 9,
RGI60-06.00512,G344955E64620N,20030826,-9999999, -15.044800000,  64.619900000, 6, 1,         2.771,  914, 1161, 1085, 10.4,  43,  1526, 0, 0, 0, 0, 0, 9,
RGI60-06.00513,G345100E64708N,20030826,-9999999, -14.900200000,  64.707700000, 6, 1,         5.543,  948, 1235, 1082, 11.5,  39,  2408, 0, 0, 1, 0, 0, 9,
RGI60-06.00514,G345088E64683N,20030826,-9999999, -14.911800000,  64.682700000, 6, 1,         3.116,  934, 1235, 1124, 12.7, 226,  2121, 0, 0, 0, 0, 0, 9,
RGI60-06.00515,G345385E64734N,20030826,-9999999, -14.615100000,  64.734200000, 6, 1,         0.159, 1037, 1143, 1129, 27.0,  30,   366, 0, 0, 0, 0, 0, 9,
RGI60-06.00516,G344419E64804N,20009999,-9999999, -15.581000000,  64.804100000, 6, 1,         0.825, 1173, 1822, 1508, 24.8, 311,  1450, 0, 0, 0, 0, 0, 9,
RGI60-06.00517,G344419E64810N,20009999,-9999999, -15.581000000,  64.809600000, 6, 1,         0.449, 1112, 1687, 1344, 20.9, 296,  1571, 0, 0, 0, 0, 0, 9,
RGI60-06.00518,G344421E64795N,20009999,-9999999, -15.578800000,  64.794800000, 6, 1,         0.966, 1138, 1824, 1553, 21.3, 251,  2173, 0, 0, 0, 0, 0, 9,
RGI60-06.00519,G344443E64813N,20009999,-9999999, -15.557000000,  64.813300000, 6, 1,         0.249, 1269, 1563, 1425, 17.7,  21,   856, 0, 0, 0, 0, 0, 9,
RGI60-06.00520,G344446E64794N,20009999,-9999999, -15.554200000,  64.794300000, 6, 1,         0.406, 1251, 1825, 1604, 23.4, 110,  1009, 0, 0, 0, 0, 0, 9,
RGI60-06.00521,G344455E64798N,20009999,-9999999, -15.544700000,  64.797900000, 6, 1,         0.482, 1202, 1819, 1460, 22.7, 104,  1018, 0, 0, 0, 0, 0, 9,
RGI60-06.00522,G344443E64804N,20009999,-9999999, -15.556800000,  64.804400000, 6, 1,         0.437, 1412, 1825, 1624, 19.4,  66,   888, 0, 0, 0, 0, 0, 9,
RGI60-06.00523,G344459E64808N,20009999,-9999999, -15.541400000,  64.807900000, 6, 1,         0.707,  954, 1413, 1173, 28.5,  71,  1239, 0, 0, 0, 0, 0, 9,
RGI60-06.00524,G345927E64895N,20030826,-9999999, -14.073300000,  64.895300000, 6, 1,         0.090,  832, 1050,  924, 31.3, 252,   320, 0, 0, 0, 0, 0, 9,
RGI60-06.00525,G345525E64916N,20030826,-9999999, -14.474900000,  64.916100000, 6, 1,         0.193, 1017, 1118, 1097, 29.2,  13,   392, 0, 0, 0, 0, 0, 9,
RGI60-06.00526,G345724E64927N,20030826,-9999999, -14.276100000,  64.926700000, 6, 1,         0.066, 1015, 1181, 1130, 21.1, 155,   516, 0, 0, 0, 0, 0, 9,
RGI60-06.00527,G345723E64929N,20030826,-9999999, -14.277200000,  64.929200000, 6, 1,         0.139,  976, 1178, 1094, 20.0, 287,   401, 0, 0, 0, 0, 0, 9,
RGI60-06.00528,G345893E64902N,20030826,-9999999, -14.106600000,  64.901600000, 6, 1,         0.330,  777, 1015,  935, 36.8, 349,   365, 0, 0, 0, 0, 0, 9,
RGI60-06.00529,G345629E64950N,20030826,-9999999, -14.370700000,  64.949600000, 6, 1,         0.207,  969, 1135, 1038, 22.6, 225,   541, 0, 0, 0, 0, 0, 9,
RGI60-06.00530,G345646E64966N,20030826,-9999999, -14.353900000,  64.966100000, 6, 1,         0.514,  764, 1112,  898, 23.0, 322,   756, 0, 0, 0, 0, 0, 9,
RGI60-06.00531,G345728E64968N,20030826,-9999999, -14.272200000,  64.968200000, 6, 1,         0.091,  877, 1059, 1022, 33.6, 216,   293, 0, 0, 0, 0, 0, 9,
RGI60-06.00532,G345895E64983N,20030826,-9999999, -14.105400000,  64.983200000, 6, 1,         0.236,  813, 1099,  898, 33.6, 347,   481, 0, 0, 0, 0, 0, 9,
RGI60-06.00533,G345869E64988N,20030826,-9999999, -14.131100000,  64.988400000, 6, 1,         0.117,  767,  994,  876, 27.6, 315,   305, 0, 0, 0, 0, 0, 9,
RGI60-06.00534,G345571E65038N,20030826,-9999999, -14.428600000,  65.038200000, 6, 1,         0.212,  865, 1076, 1007, 21.7,  35,   516, 0, 0, 0, 0, 0, 9,
RGI60-06.00535,G345570E65078N,20030826,-9999999, -14.429800000,  65.077700000, 6, 1,         0.282,  932, 1143, 1060, 25.3, 293,   560, 0, 0, 0, 0, 0, 9,
RGI60-06.00536,G336860E65919N,20040718,-9999999, -23.139800000,  65.918500000, 6, 1,         0.210,  792,  900,  868, 27.2,  52,   494, 0, 0, 0, 0, 0, 9,
RGI60-06.00537,G336878E65920N,20040718,-9999999, -23.121900000,  65.919500000, 6, 1,         0.138,  674,  796,  763, 26.8, 355,   371, 0, 0, 0, 0, 0, 9,
RGI60-06.00538,G336822E65944N,20040816,-9999999, -23.177800000,  65.943700000, 6, 1,         0.056,  793,  876,  838, 32.7,  89,   285, 0, 0, 0, 0, 0, 9,
RGI60-06.00539,G337755E66141N,20040816,-9999999, -22.245400000,  66.141400000, 6, 1,        41.863,  246,  920,  688, 10.2, 214,  7189, 0, 0, 1, 0, 3, 0,Kaldalonsjoekull
RGI60-06.00540,G337769E66192N,20040816,-9999999, -22.230900000,  66.192000000, 6, 1,        23.922,  411,  919,  672, 11.0,  55,  5880, 0, 0, 1, 0, 3, 0,Reykjafjardarjoekull
RGI60-06.00541,G337856E66096N,20040816,-9999999, -22.143600000,  66.095800000, 6, 1,        22.746,  448,  842,  673, 11.0, 218,  5483, 0, 0, 1, 0, 0, 9,
RGI60-06.00542,G337704E66220N,20040816,-9999999, -22.296400000,  66.219500000, 6, 1,         2.856,  538,  842,  708, 14.6,   1,  2321, 0, 0, 1, 0, 0, 9,
RGI60-06.00543,G337674E66221N,20040816,-9999999, -22.326100000,  66.220900000, 6, 1,         2.573,  481,  814,  686, 15.8, 332,  3158, 0, 0, 1, 0, 0, 9,
RGI60-06.00544,G337652E66192N,20040816,-9999999, -22.347900000,  66.191900000, 6, 1,        28.849,  101,  920,  673, 12.0, 287,  7380, 0, 0, 1, 0, 3, 0,Leirufjardarjoekull
RGI60-06.00545,G337874E66135N,20040816,-9999999, -22.125700000,  66.134600000, 6, 1,        16.482,  479,  842,  713, 12.9,  52,  3106, 0, 0, 1, 0, 0, 9,
RGI60-06.00546,G337535E66365N,20040816,-9999999, -22.464800000,  66.365200000, 6, 1,         0.132,  558,  680,  645, 21.8, 355,   408, 0, 0, 0, 0, 0, 9,
RGI60-06.00547,G337667E66278N,20040816,-9999999, -22.333200000,  66.277600000, 6, 1,         0.248,  304,  504,  416, 20.9, 228,   510, 0, 0, 0, 0, 0, 9,
RGI60-06.00548,G336210E64794N,20020928,20020928, -23.789600000,  64.794400000, 6, 1,         0.325, 1094, 1411, 1244, 17.2, 210,   731, 0, 0, 0, 0, 0, 9,
RGI60-06.00549,G337935E66096N,20040816,-9999999, -22.064900000,  66.096400000, 6, 1,         6.640,  583,  842,  672, 14.0, 129,  2789, 0, 0, 1, 0, 0, 9,
RGI60-06.00550,G341233E65909N,20009999,-9999999, -18.767000000,  65.908800000, 6, 1,         0.137, 1126, 1213, 1187, 19.5,  92,   563, 0, 0, 0, 0, 0, 9,
RGI60-06.00551,G341049E65881N,20009999,-9999999, -18.950700000,  65.881100000, 6, 1,         0.236,  896,  997,  959, 24.6, 324,   559, 0, 0, 0, 0, 0, 9,
RGI60-06.00552,G341255E65641N,20009999,-9999999, -18.745400000,  65.641100000, 6, 1,         0.224, 1132, 1275, 1181, 13.2,  15,   840, 0, 0, 0, 0, 0, 9,
RGI60-06.00553,G345067E64704N,20030826,-9999999, -14.933200000,  64.704400000, 6, 1,         5.616,  984, 1237, 1068, 13.3, 286,  1973, 0, 0, 1, 0, 0, 9,
RGI60-06.00554,G345117E64687N,20030826,-9999999, -14.882700000,  64.687000000, 6, 1,         2.770,  965, 1233, 1115, 11.1,  91,  1573, 0, 0, 1, 0, 0, 9,
RGI60-06.00555,G344942E64614N,20030826,-9999999, -15.057600000,  64.614000000, 6, 1,         2.198, 1027, 1164, 1117, 10.6, 287,  1061, 0, 0, 0, 0, 0, 9,
RGI60-06.00556,G344572E64514N,20009999,-9999999, -15.428200000,  64.513700000, 6, 1,         0.478,  939, 1290, 1126, 24.6,  56,   837, 0, 0, 0, 0, 0, 9,
RGI60-06.00557,G344002E64253N,20009999,-9999999, -15.998200000,  64.253000000, 6, 1,         0.390, 1104, 1382, 1324, 13.1, 234,   538, 0, 0, 0, 0, 0, 9,
RGI60-06.00558,G343797E64215N,20009999,-9999999, -16.203000000,  64.215200000, 6, 1,        12.974,  766, 1334,  919, 11.4, 304,  5586, 0, 0, 0, 0, 0, 9,
RGI60-06.00559,G342942E64110N,20009999,-9999999, -17.057600000,  64.109900000, 6, 1,         0.314,  978, 1223, 1125, 19.7, 134,   782, 0, 0, 0, 0, 0, 9,
RGI60-06.00560,G342927E64106N,20009999,-9999999, -17.073400000,  64.105800000, 6, 1,         0.126, -999, -999, -999, -9.0,  -9,    -9, 0, 0, 0, 0, 0, 9,
RGI60-06.00561,G342403E64653N,20009999,-9999999, -17.597100000,  64.653300000, 6, 1,         6.227, 1206, 2000, 1589, 10.0, 315,  5475, 0, 0, 1, 0, 0, 9,
RGI60-06.00562,G342433E64656N,20009999,-9999999, -17.567200000,  64.656000000, 6, 1,         9.182, 1256, 2000, 1827, 12.0, 326,  5466, 0, 0, 1, 0, 0, 9,
RGI60-06.00563,G343337E64691N,20009999,-9999999, -16.662700000,  64.691300000, 6, 1,         3.320, 1279, 1790, 1629, 16.7, 342,  2139, 0, 0, 0, 0, 0, 9,
RGI60-06.00564,G340420E63810N,20030716,-9999999, -19.580000000,  63.809600000, 6, 1,         0.771, 1001, 1272, 1128, 14.2, 331,  1424, 0, 0, 0, 0, 0, 9,
RGI60-06.00565,G341033E63910N,19999999,-9999999, -18.967300000,  63.910000000, 6, 1,         0.457,  923, 1145,  996, 16.8, 356,   863, 0, 0, 0, 0, 0, 9,
RGI60-06.00566,G339357E64599N,20000820,-9999999, -20.643000000,  64.598600000, 6, 1,         2.824,  862, 1397, 1096, 13.2, 290,  2711, 0, 0, 0, 0, 0, 9,
RGI60-06.00567,G340282E64734N,20000820,-9999999, -19.718500000,  64.733600000, 6, 1,         0.340, 1348, 1405, 1378,  9.5, 225,   644, 0, 0, 0, 0, 0, 9,
RGI60-06.00568,G339569E64768N,20000820,-9999999, -20.431000000,  64.768400000, 6, 1,         4.837, 1205, 1664, 1423, 12.1, 250,  3009, 0, 0, 1, 0, 0, 9,
